000001.wav|छड
000002.wav|गरिने
000003.wav|गरिने
000004.wav|गरिने
000005.wav|कम्पनीजले
000006.wav|फिलिम
000007.wav|फिलिम
000008.wav|फिलिम
000009.wav|डिजाइनर
000010.wav|गुमाउनु
000011.wav|रगतले
000012.wav|जानकारी
000013.wav|जानकारी
000014.wav|जानकारी
000015.wav|जानकारी
000016.wav|जानकारी
000017.wav|जानकारी
000018.wav|जानकारी
000019.wav|जानकारी
000020.wav|जानकारी
000021.wav|मित्रता
000022.wav|अल्पाइन
000023.wav|अल्पाइन
000024.wav|अल्पाइन
000025.wav|अल्पाइन
000026.wav|अल्पाइन
000027.wav|अल्पाइन
000028.wav|अल्पाइन
000029.wav|अल्पाइन
000030.wav|रहेको
000031.wav|रहेको
000032.wav|रहेको
000033.wav|रहेको
000034.wav|रहेको
000035.wav|रहेको
000036.wav|रहेको
000037.wav|रहेको
000038.wav|रहेको
000039.wav|रहेको
000040.wav|रहेको
000041.wav|रहेको
000042.wav|रहेको
000043.wav|रहेको
000044.wav|रहेको
000045.wav|रहेको
000046.wav|रहेको
000047.wav|रहेको
000048.wav|रहेको
000049.wav|रहेको
000050.wav|रहेको
000051.wav|रहेको
000052.wav|रहेको
000053.wav|रहेको
000054.wav|रहेको
000055.wav|रहेको
000056.wav|रहेको
000057.wav|रहेको
000058.wav|रहेको
000059.wav|रहेको
000060.wav|रहेको
000061.wav|रहेको
000062.wav|रहेको
000063.wav|रहेको
000064.wav|रहेको
000065.wav|रहेको
000066.wav|रहेको
000067.wav|रहेको
000068.wav|रहेको
000069.wav|रहेको
000070.wav|रहेको
000071.wav|रहेको
000072.wav|रहेको
000073.wav|रहेको
000074.wav|रहेको
000075.wav|रहेको
000076.wav|रहेको
000077.wav|रहेको
000078.wav|रहेको
000079.wav|रहेको
000080.wav|रहेको
000081.wav|रहेको
000082.wav|रहेको
000083.wav|रहेको
000084.wav|रहेको
000085.wav|रहेको
000086.wav|रहेको
000087.wav|रहेको
000088.wav|रहेको
000089.wav|रहेको
000090.wav|रहेको
000091.wav|रहेको
000092.wav|रहेको
000093.wav|रहेको
000094.wav|रहेको
000095.wav|रहेको
000096.wav|रहेको
000097.wav|रहेको
000098.wav|रहेको
000099.wav|रहेको
000100.wav|रहेको
000101.wav|रहेको
000102.wav|रहेको
000103.wav|रहेको
000104.wav|रहेको
000105.wav|रहेको
000106.wav|रहेको
000107.wav|रहेको
000108.wav|रहेको
000109.wav|रहेको
000110.wav|रहेको
000111.wav|रहेको
000112.wav|रहेको
000113.wav|रहेको
000114.wav|रहेको
000115.wav|रहेको
000116.wav|रहेको
000117.wav|रहेको
000118.wav|रहेको
000119.wav|रहेको
000120.wav|रहेको
000121.wav|रहेको
000122.wav|रहेको
000123.wav|रहेको
000124.wav|रहेको
000125.wav|रहेको
000126.wav|रहेको
000127.wav|रहेको
000128.wav|रहेको
000129.wav|रहेको
000130.wav|रहेको
000131.wav|रहेको
000132.wav|रहेको
000133.wav|रहेको
000134.wav|रहेको
000135.wav|रहेको
000136.wav|रहेको
000137.wav|रहेको
000138.wav|रहेको
000139.wav|रहेको
000140.wav|रहेको
000141.wav|रहेको
000142.wav|रहेको
000143.wav|रहेको
000144.wav|रहेको
000145.wav|रहेको
000146.wav|रहेको
000147.wav|रहेको
000148.wav|रहेको
000149.wav|रहेको
000150.wav|रहेको
000151.wav|रहेको
000152.wav|रहेको
000153.wav|रहेको
000154.wav|रहेको
000155.wav|रहेको
000156.wav|नर्वेको
000157.wav|नर्वेको
000158.wav|स्टोर
000159.wav|प्रारम्भिक
000160.wav|प्रारम्भिक
000161.wav|राष्ट्रिय
000162.wav|राष्ट्रिय
000163.wav|राष्ट्रिय
000164.wav|राष्ट्रिय
000165.wav|रहेका
000166.wav|रहेका
000167.wav|रहेका
000168.wav|रहेका
000169.wav|रहेका
000170.wav|रहेका
000171.wav|रहेका
000172.wav|दसको
000173.wav|पहिरन
000174.wav|दाजु
000175.wav|दाजु
000176.wav|स्पेनी
000177.wav|स्पेनी
000178.wav|स्पेनी
000179.wav|स्पेनी
000180.wav|स्पेनी
000181.wav|आरोप
000182.wav|अनु
000183.wav|टेम्पलेट
000184.wav|नमेटिने
000185.wav|दाहिना
000186.wav|हिलारीको
000187.wav|हार्दैमा
000188.wav|अफ्रिकाको
000189.wav|नोट
000190.wav|सामेल
000191.wav|सामेल
000192.wav|सामेल
000193.wav|अधिकारी
000194.wav|अधिकारी
000195.wav|अधिकारी
000196.wav|बेर
000197.wav|प्रक्रिया
000198.wav|प्रक्रिया
000199.wav|प्रक्रिया
000200.wav|प्रक्रिया
000201.wav|टोकियोको
000202.wav|गण्डगी
000203.wav|हजुर
000204.wav|वार्नर
000205.wav|गत
000206.wav|फ्री
000207.wav|राजमार्गलाई
000208.wav|भाषा
000209.wav|भाषा
000210.wav|भाषा
000211.wav|इलका
000212.wav|उपाय
000213.wav|ले
000214.wav|ले
000215.wav|धर्मयुद्ध
000216.wav|धनुधर
000217.wav|पादरी
000218.wav|मौसम
000219.wav|मौसम
000220.wav|मौसम
000221.wav|मौसम
000222.wav|मौसम
000223.wav|मौसम
000224.wav|मौसम
000225.wav|मौसम
000226.wav|मौसम
000227.wav|मौसम
000228.wav|मोन्डेलेज
000229.wav|पोखरी
000230.wav|प्रचार
000231.wav|नजिक
000232.wav|नमो
000233.wav|अरबी
000234.wav|कुराले
000235.wav|परम्परा
000236.wav|परम्परा
000237.wav|ज्यादै
000238.wav|नभए
000239.wav|देशमा
000240.wav|लगाएको
000241.wav|अठार
000242.wav|अठार
000243.wav|अठार
000244.wav|अठार
000245.wav|अठार
000246.wav|अठार
000247.wav|अठार
000248.wav|अठार
000249.wav|गण
000250.wav|मिलानमा
000251.wav|अस्पतालका
000252.wav|ठाउँ
000253.wav|ठाउँ
000254.wav|ठाउँ
000255.wav|ठाउँ
000256.wav|ठाउँ
000257.wav|ठाउँ
000258.wav|इन्कले
000259.wav|इन्कले
000260.wav|चलाउन
000261.wav|चलाउन
000262.wav|सिस्को
000263.wav|अस्पतालको
000264.wav|अस्पतालको
000265.wav|अस्पतालको
000266.wav|जात्रामा
000267.wav|जात्रामा
000268.wav|जात्रामा
000269.wav|जात्रामा
000270.wav|जात्रामा
000271.wav|बिक्रेता
000272.wav|किम
000273.wav|किम
000274.wav|किम
000275.wav|किम
000276.wav|किम
000277.wav|किम
000278.wav|किम
000279.wav|किम
000280.wav|किम
000281.wav|किम
000282.wav|किम
000283.wav|किम
000284.wav|किम
000285.wav|खाजामा
000286.wav|पाखा
000287.wav|पाखा
000288.wav|खनिज
000289.wav|बिहान
000290.wav|बिहान
000291.wav|बिहान
000292.wav|बिहान
000293.wav|बिहान
000294.wav|बिहान
000295.wav|बिहान
000296.wav|विकासले
000297.wav|भित्री
000298.wav|जोडेको
000299.wav|गहन
000300.wav|संसाधन
000301.wav|खोलाको
000302.wav|खोलाको
000303.wav|जिते
000304.wav|बाजुरा
000305.wav|बाजुरा
000306.wav|बाजुरा
000307.wav|खर्च
000308.wav|खर्च
000309.wav|खर्च
000310.wav|खर्च
000311.wav|सिपलाई
000312.wav|आर्य
000313.wav|अमेरिकामा
000314.wav|अमेरिकामा
000315.wav|अमेरिकामा
000316.wav|अमेरिकामा
000317.wav|अमेरिकामा
000318.wav|अमेरिकामा
000319.wav|अमेरिकामा
000320.wav|अमेरिकामा
000321.wav|फ्यान
000322.wav|गरी
000323.wav|गरी
000324.wav|गरी
000325.wav|गरी
000326.wav|गरी
000327.wav|पारी
000328.wav|मन्दिर
000329.wav|मन्दिर
000330.wav|बहिनी
000331.wav|पनि
000332.wav|पनि
000333.wav|पनि
000334.wav|पनि
000335.wav|पनि
000336.wav|पनि
000337.wav|पनि
000338.wav|पनि
000339.wav|पनि
000340.wav|पनि
000341.wav|पनि
000342.wav|पनि
000343.wav|पनि
000344.wav|पनि
000345.wav|पनि
000346.wav|पनि
000347.wav|पनि
000348.wav|पनि
000349.wav|पनि
000350.wav|पनि
000351.wav|पनि
000352.wav|पनि
000353.wav|पनि
000354.wav|पनि
000355.wav|पनि
000356.wav|पनि
000357.wav|पनि
000358.wav|पनि
000359.wav|पनि
000360.wav|पनि
000361.wav|पनि
000362.wav|पनि
000363.wav|पनि
000364.wav|पनि
000365.wav|पनि
000366.wav|पनि
000367.wav|पनि
000368.wav|पनि
000369.wav|पनि
000370.wav|पनि
000371.wav|पनि
000372.wav|पनि
000373.wav|पनि
000374.wav|सायद
000375.wav|गहिरो
000376.wav|गहिरो
000377.wav|सन्तान
000378.wav|लिन
000379.wav|लिन
000380.wav|लिन
000381.wav|लिन
000382.wav|लिन
000383.wav|सुनेको
000384.wav|दिपक
000385.wav|क्रिम
000386.wav|आचार
000387.wav|गरे
000388.wav|गरे
000389.wav|गरे
000390.wav|गरे
000391.wav|गरे
000392.wav|गरे
000393.wav|गरे
000394.wav|गरे
000395.wav|गरे
000396.wav|गरे
000397.wav|गरे
000398.wav|गरे
000399.wav|गरे
000400.wav|गरे
000401.wav|गरे
000402.wav|गरे
000403.wav|गरे
000404.wav|गरे
000405.wav|गए
000406.wav|गए
000407.wav|सत्तामा
000408.wav|सत्तामा
000409.wav|विधेयक
000410.wav|कार्ड
000411.wav|याद
000412.wav|याद
000413.wav|याद
000414.wav|याद
000415.wav|भैसकेका
000416.wav|योगदानका
000417.wav|धाक
000418.wav|मात्राको
000419.wav|लिएर
000420.wav|जिम्मा
000421.wav|यहुदी
000422.wav|उनले
000423.wav|उनले
000424.wav|उनले
000425.wav|उनले
000426.wav|उनले
000427.wav|उनले
000428.wav|उनले
000429.wav|उनले
000430.wav|उनले
000431.wav|उनले
000432.wav|उनले
000433.wav|उनले
000434.wav|उनले
000435.wav|समाज
000436.wav|रहे
000437.wav|लियर
000438.wav|मिनेटको
000439.wav|छुने
000440.wav|पार्सल
000441.wav|योगदानको
000442.wav|रजत
000443.wav|कब्जामा
000444.wav|एकान्तमा
000445.wav|चनाखो
000446.wav|प्रिमियर
000447.wav|बनाए
000448.wav|बनाए
000449.wav|मेन
000450.wav|महाकाली
000451.wav|महाकाली
000452.wav|महाकाली
000453.wav|कबाबमा
000454.wav|कार्य
000455.wav|कार्य
000456.wav|कार्य
000457.wav|कार्य
000458.wav|कार्य
000459.wav|कार्य
000460.wav|एसियन
000461.wav|सिटी
000462.wav|समाजवादी
000463.wav|पुरस्कार
000464.wav|पुरस्कार
000465.wav|पुरस्कार
000466.wav|घुम्ने
000467.wav|साथै
000468.wav|संक्रामक
000469.wav|बच्चु
000470.wav|बच्चु
000471.wav|प्लेन्स
000472.wav|गरिएको
000473.wav|जुलियन
000474.wav|भयानक
000475.wav|फन्दामा
000476.wav|भद्रकाली
000477.wav|भारतको
000478.wav|भारतको
000479.wav|भारतको
000480.wav|भारतको
000481.wav|भारतको
000482.wav|भारतको
000483.wav|भारतको
000484.wav|ड्यूक
000485.wav|प्रसिद्ध
000486.wav|प्रसिद्ध
000487.wav|प्रसिद्ध
000488.wav|प्रसिद्ध
000489.wav|प्रसिद्ध
000490.wav|प्रसिद्ध
000491.wav|प्रसिद्ध
000492.wav|प्रसिद्ध
000493.wav|प्रसिद्ध
000494.wav|प्रसिद्ध
000495.wav|मोह
000496.wav|डिज्नी
000497.wav|चीज
000498.wav|खाने
000499.wav|खाने
000500.wav|खाने
000501.wav|खाने
000502.wav|खाने
000503.wav|खाने
000504.wav|बिहानी
000505.wav|ब्रेक
000506.wav|प्रखर
000507.wav|किन्न
000508.wav|पोखराको
000509.wav|पोखराको
000510.wav|पालना
000511.wav|पालना
000512.wav|जसले
000513.wav|जसले
000514.wav|जसले
000515.wav|जसले
000516.wav|जसले
000517.wav|जसले
000518.wav|जसले
000519.wav|जसले
000520.wav|जोगमाई
000521.wav|इजलासका
000522.wav|विष्णुकुमारी
000523.wav|सुन्दरी
000524.wav|सम्पदाको
000525.wav|सम्पदाको
000526.wav|चलाएर
000527.wav|सेनाको
000528.wav|सेनाको
000529.wav|देश
000530.wav|देश
000531.wav|देश
000532.wav|नमस्के
000533.wav|सुनारको
000534.wav|किचन
000535.wav|किचन
000536.wav|पन्तको
000537.wav|बिहे
000538.wav|खबर
000539.wav|खबर
000540.wav|खबर
000541.wav|खबर
000542.wav|राउल
000543.wav|पर्खालमा
000544.wav|खेल्यो
000545.wav|पन्तका
000546.wav|बजाउने
000547.wav|किन
000548.wav|इन्टरनेट
000549.wav|केसी
000550.wav|केसी
000551.wav|केसी
000552.wav|केसी
000553.wav|केसी
000554.wav|चराको
000555.wav|चराको
000556.wav|चराको
000557.wav|चराको
000558.wav|चराको
000559.wav|चराको
000560.wav|चराको
000561.wav|चराको
000562.wav|चराको
000563.wav|चराको
000564.wav|चराको
000565.wav|चराको
000566.wav|चराको
000567.wav|इलाका
000568.wav|इलाका
000569.wav|इलाका
000570.wav|इलाका
000571.wav|इलाका
000572.wav|फागुन
000573.wav|अचानक
000574.wav|प्रवाहित
000575.wav|डेल्टामा
000576.wav|सहरी
000577.wav|सहरी
000578.wav|सहरी
000579.wav|सहरी
000580.wav|सहरी
000581.wav|सहरी
000582.wav|तेल
000583.wav|तेल
000584.wav|बताएको
000585.wav|बताएको
000586.wav|बागडोगरा
000587.wav|मनमा
000588.wav|गरिनु
000589.wav|सिमरा
000590.wav|विमान
000591.wav|विमान
000592.wav|सन
000593.wav|भाई
000594.wav|भाई
000595.wav|भाई
000596.wav|भाई
000597.wav|भाई
000598.wav|भाई
000599.wav|मेडिकल
000600.wav|मेडिकल
000601.wav|तपाई
000602.wav|पार्क
000603.wav|पार्क
000604.wav|पार्क
000605.wav|विद्यमान
000606.wav|पुलिस
000607.wav|पोप
000608.wav|पोप
000609.wav|एटलान्टिक
000610.wav|पार्टनर्स
000611.wav|सय
000612.wav|सय
000613.wav|सय
000614.wav|सय
000615.wav|कैलाली
000616.wav|कैलाली
000617.wav|कैलाली
000618.wav|कैलाली
000619.wav|कैलाली
000620.wav|बुक्स
000621.wav|बुक्स
000622.wav|बुक्स
000623.wav|सुमात्राको
000624.wav|सतासीमा
000625.wav|बनी
000626.wav|प्रकारका
000627.wav|प्रकारका
000628.wav|प्रकारका
000629.wav|महादेवबाट
000630.wav|दूरीमा
000631.wav|दूरीमा
000632.wav|अभिवक्ता
000633.wav|क्यास्टाइल
000634.wav|बरबाद
000635.wav|गफ
000636.wav|गफ
000637.wav|प्रकारको
000638.wav|प्रकारको
000639.wav|प्रकारको
000640.wav|प्रकारको
000641.wav|प्रकारको
000642.wav|प्रकारको
000643.wav|प्रकारको
000644.wav|प्रकारको
000645.wav|प्रकारको
000646.wav|प्रकारको
000647.wav|प्रकारको
000648.wav|प्रकारको
000649.wav|प्रकारको
000650.wav|प्रकारको
000651.wav|प्रकारको
000652.wav|प्रकारको
000653.wav|प्रकारको
000654.wav|पेट
000655.wav|परिस
000656.wav|प्रसाधन
000657.wav|साउथ
000658.wav|मजाले
000659.wav|पाइन्ट
000660.wav|सीता
000661.wav|तुरुन्तै
000662.wav|अन्टार्टिकाको
000663.wav|जिन्दगी
000664.wav|तालहरू
000665.wav|टोनी
000666.wav|कार्बन
000667.wav|हेरेका
000668.wav|इलरी
000669.wav|चमर्टिन
000670.wav|आपको
000671.wav|कमला
000672.wav|कमला
000673.wav|नौमा
000674.wav|ब्राजिल
000675.wav|हेरेको
000676.wav|अफसेट
000677.wav|अफसेट
000678.wav|अफसेट
000679.wav|थाल्यो
000680.wav|सहित
000681.wav|आधुनिक
000682.wav|आधुनिक
000683.wav|आधुनिक
000684.wav|आधुनिक
000685.wav|आधुनिक
000686.wav|आधुनिक
000687.wav|मोडिन्छ
000688.wav|ग्वाली
000689.wav|प्रयासमा
000690.wav|अवस्थामा
000691.wav|अवस्थामा
000692.wav|अवस्थामा
000693.wav|सदनमा
000694.wav|सदनमा
000695.wav|रूपमा
000696.wav|रूपमा
000697.wav|रूपमा
000698.wav|रूपमा
000699.wav|रूपमा
000700.wav|रूपमा
000701.wav|रूपमा
000702.wav|रूपमा
000703.wav|रूपमा
000704.wav|रूपमा
000705.wav|रूपमा
000706.wav|रूपमा
000707.wav|रूपमा
000708.wav|रूपमा
000709.wav|रूपमा
000710.wav|रूपमा
000711.wav|रूपमा
000712.wav|रूपमा
000713.wav|रूपमा
000714.wav|रूपमा
000715.wav|रूपमा
000716.wav|रूपमा
000717.wav|रूपमा
000718.wav|रूपमा
000719.wav|रूपमा
000720.wav|रूपमा
000721.wav|रूपमा
000722.wav|रूपमा
000723.wav|रूपमा
000724.wav|रूपमा
000725.wav|रूपमा
000726.wav|रूपमा
000727.wav|मेक्सिको
000728.wav|मेक्सिको
000729.wav|लागेको
000730.wav|लागेको
000731.wav|लागेको
000732.wav|लागेको
000733.wav|लागेको
000734.wav|सहर
000735.wav|सहर
000736.wav|सहर
000737.wav|सहर
000738.wav|सहर
000739.wav|सहर
000740.wav|सहर
000741.wav|सहर
000742.wav|सहर
000743.wav|सहर
000744.wav|सहर
000745.wav|सहर
000746.wav|सहर
000747.wav|सहर
000748.wav|सहर
000749.wav|सहर
000750.wav|सहर
000751.wav|सहर
000752.wav|सहर
000753.wav|सहर
000754.wav|सहर
000755.wav|सहर
000756.wav|सहर
000757.wav|सहर
000758.wav|सहर
000759.wav|सहर
000760.wav|सहर
000761.wav|सहर
000762.wav|सहर
000763.wav|सहर
000764.wav|सहर
000765.wav|सहर
000766.wav|सहर
000767.wav|सहर
000768.wav|सहर
000769.wav|सहर
000770.wav|सहर
000771.wav|सहर
000772.wav|सहर
000773.wav|सहर
000774.wav|सहर
000775.wav|सहर
000776.wav|सहर
000777.wav|सहर
000778.wav|सहर
000779.wav|सहर
000780.wav|सहर
000781.wav|सहर
000782.wav|सहर
000783.wav|सहर
000784.wav|सहर
000785.wav|सहर
000786.wav|सहर
000787.wav|सहर
000788.wav|सहर
000789.wav|सहर
000790.wav|सहर
000791.wav|सहर
000792.wav|सहर
000793.wav|सहर
000794.wav|सहर
000795.wav|सहर
000796.wav|सहर
000797.wav|सहर
000798.wav|सहर
000799.wav|सहर
000800.wav|सहर
000801.wav|सहर
000802.wav|सहर
000803.wav|सहर
000804.wav|सहर
000805.wav|सहर
000806.wav|सहर
000807.wav|जाला
000808.wav|नपर्खेको
000809.wav|सेवामा
000810.wav|अर्थमा
000811.wav|कमर्समा
000812.wav|ढाकी
000813.wav|ग्यास
000814.wav|परिमल
000815.wav|चाहेको
000816.wav|समारा
000817.wav|बाउन्न
000818.wav|गर्दा
000819.wav|गर्दा
000820.wav|गर्दा
000821.wav|गर्दा
000822.wav|गर्दा
000823.wav|गर्दा
000824.wav|पात्रलाई
000825.wav|लिग
000826.wav|सके
000827.wav|फेवा
000828.wav|फेवा
000829.wav|केदार
000830.wav|ताराको
000831.wav|ताराको
000832.wav|जितु
000833.wav|यसो
000834.wav|आठको
000835.wav|आठको
000836.wav|टलिप
000837.wav|प्रान्तमा
000838.wav|प्रान्तमा
000839.wav|प्रान्तमा
000840.wav|प्रान्तमा
000841.wav|प्रान्तमा
000842.wav|प्रान्तमा
000843.wav|प्रान्तमा
000844.wav|प्रान्तमा
000845.wav|प्रान्तमा
000846.wav|प्रान्तमा
000847.wav|प्रान्तमा
000848.wav|तिम्ले
000849.wav|बुचारेस्टमा
000850.wav|कसलाई
000851.wav|नायक
000852.wav|नायक
000853.wav|नायक
000854.wav|नायक
000855.wav|नायक
000856.wav|नायक
000857.wav|राखिन्छ
000858.wav|मैले
000859.wav|मैले
000860.wav|मैले
000861.wav|मैले
000862.wav|मैले
000863.wav|मैले
000864.wav|मैले
000865.wav|मैले
000866.wav|मैले
000867.wav|मैले
000868.wav|मैले
000869.wav|मैले
000870.wav|मैले
000871.wav|मैले
000872.wav|मैले
000873.wav|नाकाको
000874.wav|गर
000875.wav|ठोस
000876.wav|रकेटको
000877.wav|धर्म
000878.wav|धर्म
000879.wav|धर्म
000880.wav|मोबाइलले
000881.wav|साथी
000882.wav|साथी
000883.wav|साथी
000884.wav|साथी
000885.wav|साथी
000886.wav|साथी
000887.wav|हेलम्बु
000888.wav|इन्डोनेसियाको
000889.wav|इन्डोनेसियाको
000890.wav|इन्डोनेसियाको
000891.wav|इन्डोनेसियाको
000892.wav|डेटाबेस
000893.wav|अल्पसंख्यक
000894.wav|बर्लिन
000895.wav|निर्वाचन
000896.wav|निर्वाचन
000897.wav|देशको
000898.wav|देशको
000899.wav|देशको
000900.wav|जाकार्ता
000901.wav|क्वाटर
000902.wav|एक
000903.wav|एक
000904.wav|एक
000905.wav|एक
000906.wav|एक
000907.wav|एक
000908.wav|एक
000909.wav|एक
000910.wav|एक
000911.wav|एक
000912.wav|एक
000913.wav|एक
000914.wav|एक
000915.wav|एक
000916.wav|एक
000917.wav|एक
000918.wav|एक
000919.wav|एक
000920.wav|एक
000921.wav|एक
000922.wav|एक
000923.wav|एक
000924.wav|एक
000925.wav|एक
000926.wav|एक
000927.wav|एक
000928.wav|एक
000929.wav|एक
000930.wav|एक
000931.wav|एक
000932.wav|एक
000933.wav|एक
000934.wav|एक
000935.wav|एक
000936.wav|एक
000937.wav|एक
000938.wav|एक
000939.wav|एक
000940.wav|एक
000941.wav|एक
000942.wav|एक
000943.wav|एक
000944.wav|एक
000945.wav|एक
000946.wav|एक
000947.wav|एक
000948.wav|एक
000949.wav|एक
000950.wav|एक
000951.wav|एक
000952.wav|एक
000953.wav|एक
000954.wav|एक
000955.wav|एक
000956.wav|एक
000957.wav|एक
000958.wav|एक
000959.wav|एक
000960.wav|एक
000961.wav|एक
000962.wav|एक
000963.wav|एक
000964.wav|एक
000965.wav|एक
000966.wav|एक
000967.wav|एक
000968.wav|एक
000969.wav|एक
000970.wav|एक
000971.wav|एक
000972.wav|एक
000973.wav|एक
000974.wav|एक
000975.wav|एक
000976.wav|एक
000977.wav|एक
000978.wav|एक
000979.wav|एक
000980.wav|एक
000981.wav|एक
000982.wav|एक
000983.wav|एक
000984.wav|एक
000985.wav|एक
000986.wav|एक
000987.wav|एक
000988.wav|एक
000989.wav|एक
000990.wav|एक
000991.wav|एक
000992.wav|एक
000993.wav|एक
000994.wav|एक
000995.wav|एक
000996.wav|एक
000997.wav|एक
000998.wav|एक
000999.wav|एक
001000.wav|एक
001001.wav|एक
001002.wav|एक
001003.wav|एक
001004.wav|एक
001005.wav|एक
001006.wav|एक
001007.wav|एक
001008.wav|एक
001009.wav|एक
001010.wav|एक
001011.wav|एक
001012.wav|एक
001013.wav|एक
001014.wav|एक
001015.wav|एक
001016.wav|एक
001017.wav|एक
001018.wav|एक
001019.wav|एक
001020.wav|एक
001021.wav|एक
001022.wav|एक
001023.wav|एक
001024.wav|एक
001025.wav|एक
001026.wav|एक
001027.wav|एक
001028.wav|एक
001029.wav|अवलम्बन
001030.wav|अफ्रिकी
001031.wav|अफ्रिकी
001032.wav|अफ्रिकी
001033.wav|उत्तम
001034.wav|उत्तम
001035.wav|उत्तम
001036.wav|मिसिन
001037.wav|पूर्वपट्टि
001038.wav|देखे
001039.wav|अस्पतालमा
001040.wav|अस्पतालमा
001041.wav|अस्पतालमा
001042.wav|अस्पतालमा
001043.wav|अस्पतालमा
001044.wav|अस्पतालमा
001045.wav|अस्पतालमा
001046.wav|अस्पतालमा
001047.wav|अस्पतालमा
001048.wav|अस्पतालमा
001049.wav|अस्पतालमा
001050.wav|अस्पतालमा
001051.wav|अस्पतालमा
001052.wav|अस्पतालमा
001053.wav|अस्पतालमा
001054.wav|अस्पतालमा
001055.wav|अस्पतालमा
001056.wav|अस्पतालमा
001057.wav|अस्पतालमा
001058.wav|आउनु
001059.wav|देशका
001060.wav|जात्राको
001061.wav|बिरामी
001062.wav|पुमोरी
001063.wav|सम्पादित
001064.wav|स्थल
001065.wav|स्थल
001066.wav|प्लेग
001067.wav|प्लेग
001068.wav|प्लेग
001069.wav|तेस्तो
001070.wav|तेस्तो
001071.wav|बोकिने
001072.wav|प्लास्टिक
001073.wav|लामिछाने
001074.wav|खालको
001075.wav|वडामा
001076.wav|आए
001077.wav|आए
001078.wav|आए
001079.wav|आए
001080.wav|आए
001081.wav|आए
001082.wav|आए
001083.wav|आए
001084.wav|आए
001085.wav|आए
001086.wav|आए
001087.wav|आए
001088.wav|आए
001089.wav|आए
001090.wav|आए
001091.wav|आए
001092.wav|आए
001093.wav|आए
001094.wav|आए
001095.wav|आए
001096.wav|आए
001097.wav|आए
001098.wav|आए
001099.wav|देशी
001100.wav|देशी
001101.wav|देशी
001102.wav|रूम
001103.wav|मर्छ
001104.wav|नरिवल
001105.wav|देवीको
001106.wav|साहित्यकार
001107.wav|साहित्यकार
001108.wav|साहित्यकार
001109.wav|मेरी
001110.wav|प्रमुख
001111.wav|प्रमुख
001112.wav|प्रमुख
001113.wav|प्रमुख
001114.wav|प्रमुख
001115.wav|प्रमुख
001116.wav|मुद्रा
001117.wav|मुद्रा
001118.wav|मुद्रा
001119.wav|हुन्न
001120.wav|हुन्न
001121.wav|सन्
001122.wav|समुदाय
001123.wav|समुदाय
001124.wav|समुदाय
001125.wav|ज्याला
001126.wav|सुर्खेत
001127.wav|सुर्खेत
001128.wav|सुर्खेत
001129.wav|सुर्खेत
001130.wav|सुर्खेत
001131.wav|सुर्खेत
001132.wav|सुर्खेत
001133.wav|सुर्खेत
001134.wav|सुर्खेत
001135.wav|सुर्खेत
001136.wav|सुर्खेत
001137.wav|ढिला
001138.wav|बहन
001139.wav|बहन
001140.wav|बहन
001141.wav|बहन
001142.wav|इतिहास
001143.wav|इतिहास
001144.wav|जापानी
001145.wav|जापानी
001146.wav|जापानी
001147.wav|जापानी
001148.wav|जापानी
001149.wav|जापानी
001150.wav|कलाका
001151.wav|थापा
001152.wav|थापा
001153.wav|थापा
001154.wav|थापा
001155.wav|थापा
001156.wav|काली
001157.wav|काली
001158.wav|इन्चको
001159.wav|सेन्टर
001160.wav|छन्
001161.wav|छन्
001162.wav|छन्
001163.wav|छन्
001164.wav|मेसिनले
001165.wav|स्लोवेनियाई
001166.wav|स्लोवेनियाई
001167.wav|सडक
001168.wav|सडक
001169.wav|सडक
001170.wav|सडक
001171.wav|सडक
001172.wav|सडक
001173.wav|सडक
001174.wav|सफा
001175.wav|सफा
001176.wav|सफा
001177.wav|सफा
001178.wav|मानिस
001179.wav|मानिस
001180.wav|सरकार
001181.wav|सरकार
001182.wav|गएका
001183.wav|गएका
001184.wav|गएका
001185.wav|कोच
001186.wav|सार्क
001187.wav|सार्क
001188.wav|अफ्रिकामा
001189.wav|दि
001190.wav|एकर्स
001191.wav|सिंह
001192.wav|हाल
001193.wav|हाल
001194.wav|हाल
001195.wav|हाल
001196.wav|हाल
001197.wav|हाल
001198.wav|गएको
001199.wav|गएको
001200.wav|कमल
001201.wav|कमल
001202.wav|करायो
001203.wav|पिन
001204.wav|पिन
001205.wav|धूलो
001206.wav|प्रभाव
001207.wav|सबैकुरा
001208.wav|लगेर
001209.wav|टोम्मी
001210.wav|बाबुका
001211.wav|काले
001212.wav|र
001213.wav|र
001214.wav|र
001215.wav|र
001216.wav|र
001217.wav|र
001218.wav|र
001219.wav|र
001220.wav|र
001221.wav|र
001222.wav|र
001223.wav|र
001224.wav|र
001225.wav|र
001226.wav|र
001227.wav|र
001228.wav|र
001229.wav|र
001230.wav|र
001231.wav|र
001232.wav|र
001233.wav|र
001234.wav|र
001235.wav|र
001236.wav|र
001237.wav|र
001238.wav|र
001239.wav|र
001240.wav|र
001241.wav|र
001242.wav|र
001243.wav|र
001244.wav|र
001245.wav|र
001246.wav|र
001247.wav|र
001248.wav|र
001249.wav|र
001250.wav|र
001251.wav|र
001252.wav|र
001253.wav|र
001254.wav|र
001255.wav|र
001256.wav|र
001257.wav|र
001258.wav|र
001259.wav|र
001260.wav|र
001261.wav|र
001262.wav|र
001263.wav|र
001264.wav|र
001265.wav|र
001266.wav|र
001267.wav|र
001268.wav|र
001269.wav|र
001270.wav|र
001271.wav|र
001272.wav|र
001273.wav|र
001274.wav|र
001275.wav|र
001276.wav|र
001277.wav|र
001278.wav|र
001279.wav|र
001280.wav|र
001281.wav|र
001282.wav|र
001283.wav|र
001284.wav|र
001285.wav|र
001286.wav|र
001287.wav|र
001288.wav|र
001289.wav|र
001290.wav|र
001291.wav|र
001292.wav|र
001293.wav|र
001294.wav|र
001295.wav|र
001296.wav|र
001297.wav|र
001298.wav|र
001299.wav|र
001300.wav|र
001301.wav|र
001302.wav|र
001303.wav|र
001304.wav|र
001305.wav|र
001306.wav|र
001307.wav|र
001308.wav|र
001309.wav|र
001310.wav|र
001311.wav|र
001312.wav|र
001313.wav|र
001314.wav|र
001315.wav|र
001316.wav|र
001317.wav|र
001318.wav|र
001319.wav|र
001320.wav|र
001321.wav|र
001322.wav|र
001323.wav|र
001324.wav|कमी
001325.wav|कमी
001326.wav|कमी
001327.wav|कमी
001328.wav|बाबुको
001329.wav|प्रारम्भमा
001330.wav|मर्क
001331.wav|समय
001332.wav|समय
001333.wav|समय
001334.wav|समय
001335.wav|समय
001336.wav|समय
001337.wav|समय
001338.wav|समय
001339.wav|समय
001340.wav|समय
001341.wav|समय
001342.wav|समय
001343.wav|सर्वत्र
001344.wav|सुनुवारले
001345.wav|हलुका
001346.wav|मिल
001347.wav|एज
001348.wav|प्रयास
001349.wav|प्रयास
001350.wav|प्रयास
001351.wav|प्रयास
001352.wav|प्रयास
001353.wav|विशाल
001354.wav|दसमा
001355.wav|दसमा
001356.wav|दसमा
001357.wav|दसमा
001358.wav|दसमा
001359.wav|दस
001360.wav|दस
001361.wav|दस
001362.wav|दस
001363.wav|दस
001364.wav|दस
001365.wav|दस
001366.wav|दस
001367.wav|दस
001368.wav|काउन्टीमा
001369.wav|काउन्टीमा
001370.wav|खाजा
001371.wav|खाजा
001372.wav|समथर
001373.wav|समथर
001374.wav|समथर
001375.wav|युद्ध
001376.wav|युद्ध
001377.wav|आश्रम
001378.wav|केपी
001379.wav|हरिना
001380.wav|ट्रान्जिट
001381.wav|बस
001382.wav|बस
001383.wav|अल्बानिया
001384.wav|सुरुवातका
001385.wav|आप
001386.wav|आप
001387.wav|रिमा
001388.wav|रिमा
001389.wav|धार्मिक
001390.wav|धार्मिक
001391.wav|उपन्यास
001392.wav|उपन्यास
001393.wav|उपन्यास
001394.wav|छ
001395.wav|छ
001396.wav|छ
001397.wav|छ
001398.wav|छ
001399.wav|छ
001400.wav|छ
001401.wav|छ
001402.wav|छ
001403.wav|छ
001404.wav|छ
001405.wav|छ
001406.wav|छ
001407.wav|छ
001408.wav|छ
001409.wav|छ
001410.wav|छ
001411.wav|छ
001412.wav|छ
001413.wav|छ
001414.wav|छ
001415.wav|छ
001416.wav|छ
001417.wav|छ
001418.wav|छ
001419.wav|छ
001420.wav|छ
001421.wav|छ
001422.wav|छ
001423.wav|छ
001424.wav|छ
001425.wav|छ
001426.wav|छ
001427.wav|छ
001428.wav|छ
001429.wav|छ
001430.wav|छ
001431.wav|छ
001432.wav|छ
001433.wav|छ
001434.wav|छ
001435.wav|छ
001436.wav|छ
001437.wav|छ
001438.wav|छ
001439.wav|छ
001440.wav|छ
001441.wav|छ
001442.wav|छ
001443.wav|छ
001444.wav|छ
001445.wav|छ
001446.wav|छ
001447.wav|छ
001448.wav|छ
001449.wav|छ
001450.wav|छ
001451.wav|छ
001452.wav|छ
001453.wav|छ
001454.wav|छ
001455.wav|छ
001456.wav|छ
001457.wav|छ
001458.wav|छ
001459.wav|छ
001460.wav|छ
001461.wav|छ
001462.wav|छ
001463.wav|छ
001464.wav|छ
001465.wav|छ
001466.wav|छ
001467.wav|छ
001468.wav|छ
001469.wav|छ
001470.wav|छ
001471.wav|छ
001472.wav|छ
001473.wav|छ
001474.wav|छ
001475.wav|छ
001476.wav|छ
001477.wav|छ
001478.wav|छ
001479.wav|छ
001480.wav|छ
001481.wav|छ
001482.wav|छ
001483.wav|छ
001484.wav|छ
001485.wav|छ
001486.wav|छ
001487.wav|छ
001488.wav|छ
001489.wav|छ
001490.wav|छ
001491.wav|छ
001492.wav|छ
001493.wav|छ
001494.wav|छ
001495.wav|छ
001496.wav|छ
001497.wav|छ
001498.wav|छ
001499.wav|छ
001500.wav|छ
001501.wav|छ
001502.wav|छ
001503.wav|छ
001504.wav|छ
001505.wav|रेडियो
001506.wav|पत्रकारिता
001507.wav|न्यू
001508.wav|रोयल
001509.wav|फ्रान्स
001510.wav|फ्रान्स
001511.wav|भौगोलिक
001512.wav|इमान्दार
001513.wav|होमियोप्याथिक
001514.wav|रचना
001515.wav|रचना
001516.wav|अप्रिल
001517.wav|बहु
001518.wav|भारतमा
001519.wav|भारतमा
001520.wav|भारतमा
001521.wav|सदस्य
001522.wav|सदस्य
001523.wav|मार्केट
001524.wav|गरिन्छ
001525.wav|गरिन्छ
001526.wav|गरिन्छ
001527.wav|गरिन्छ
001528.wav|गरिन्छ
001529.wav|चल्यो
001530.wav|हास्य
001531.wav|हास्य
001532.wav|हास्य
001533.wav|हास्य
001534.wav|हास्य
001535.wav|हास्य
001536.wav|फिल्ड
001537.wav|भूमिको
001538.wav|मात्रामा
001539.wav|मात्रामा
001540.wav|राजकुमारले
001541.wav|मार्क
001542.wav|मार्क
001543.wav|सिधै
001544.wav|बकस
001545.wav|परिपत्र
001546.wav|असार
001547.wav|मास्कोमा
001548.wav|परो
001549.wav|भिल्ला
001550.wav|महान
001551.wav|पुग्न
001552.wav|पुग्न
001553.wav|पुग्न
001554.wav|विश्वास
001555.wav|विश्वास
001556.wav|विश्वास
001557.wav|विश्वास
001558.wav|विश्वास
001559.wav|विश्वास
001560.wav|विश्वास
001561.wav|विश्वास
001562.wav|गति
001563.wav|भक्तपुरको
001564.wav|भूमिका
001565.wav|कुमारी
001566.wav|कुमारी
001567.wav|कुमारी
001568.wav|कासी
001569.wav|एकहत्तरको
001570.wav|नमस्कार
001571.wav|नमस्कार
001572.wav|तिवारी
001573.wav|बिच
001574.wav|बिच
001575.wav|ड्राफ्ट
001576.wav|ड्राफ्ट
001577.wav|छोटो
001578.wav|छोटो
001579.wav|हिरो
001580.wav|हिरो
001581.wav|प्रोटोन
001582.wav|सुन्न
001583.wav|अफ
001584.wav|अफ
001585.wav|अफ
001586.wav|अफ
001587.wav|अफ
001588.wav|सम्मान
001589.wav|सम्मान
001590.wav|मिसन
001591.wav|रेकर्ड
001592.wav|रोड
001593.wav|रोड
001594.wav|चतुरे
001595.wav|मेची
001596.wav|मेची
001597.wav|कुकुर
001598.wav|कुकुर
001599.wav|नतिजा
001600.wav|यहाँका
001601.wav|पटना
001602.wav|अब
001603.wav|अब
001604.wav|अब
001605.wav|अब
001606.wav|अब
001607.wav|अब
001608.wav|अब
001609.wav|अब
001610.wav|अब
001611.wav|अब
001612.wav|अब
001613.wav|अब
001614.wav|एलोट्रोप
001615.wav|ग्राफिक
001616.wav|भयो
001617.wav|भयो
001618.wav|भयो
001619.wav|भयो
001620.wav|भयो
001621.wav|भयो
001622.wav|भयो
001623.wav|भयो
001624.wav|भयो
001625.wav|भयो
001626.wav|भयो
001627.wav|भयो
001628.wav|भयो
001629.wav|लिम्बुवान
001630.wav|गोल
001631.wav|गोल
001632.wav|गोल
001633.wav|मानव
001634.wav|मानव
001635.wav|मानव
001636.wav|मानव
001637.wav|मानव
001638.wav|मानव
001639.wav|मानव
001640.wav|उच्चतम
001641.wav|लाइफ
001642.wav|खोलामा
001643.wav|अमेरिकाका
001644.wav|मानी
001645.wav|अस्ट्रोनेसियाली
001646.wav|माता
001647.wav|ढोका
001648.wav|अमेरिकाको
001649.wav|अमेरिकाको
001650.wav|अमेरिकाको
001651.wav|अमेरिकाको
001652.wav|अमेरिकाको
001653.wav|अमेरिकाको
001654.wav|गर्छन
001655.wav|यो
001656.wav|यो
001657.wav|यो
001658.wav|यो
001659.wav|यो
001660.wav|यो
001661.wav|यो
001662.wav|यो
001663.wav|यो
001664.wav|यो
001665.wav|यो
001666.wav|यो
001667.wav|यो
001668.wav|यो
001669.wav|यो
001670.wav|यो
001671.wav|यो
001672.wav|यो
001673.wav|यो
001674.wav|यो
001675.wav|यो
001676.wav|यो
001677.wav|यो
001678.wav|यो
001679.wav|यो
001680.wav|यो
001681.wav|यो
001682.wav|यो
001683.wav|यो
001684.wav|यो
001685.wav|यो
001686.wav|यो
001687.wav|यो
001688.wav|यो
001689.wav|यो
001690.wav|यो
001691.wav|यो
001692.wav|यो
001693.wav|यो
001694.wav|यो
001695.wav|यो
001696.wav|यो
001697.wav|यो
001698.wav|यो
001699.wav|यो
001700.wav|यो
001701.wav|यो
001702.wav|यो
001703.wav|यो
001704.wav|यो
001705.wav|यो
001706.wav|यो
001707.wav|यो
001708.wav|यो
001709.wav|यो
001710.wav|यो
001711.wav|यो
001712.wav|यो
001713.wav|यो
001714.wav|यो
001715.wav|यो
001716.wav|यो
001717.wav|यो
001718.wav|यो
001719.wav|यो
001720.wav|यो
001721.wav|यो
001722.wav|यो
001723.wav|यो
001724.wav|यो
001725.wav|यो
001726.wav|यो
001727.wav|यो
001728.wav|यो
001729.wav|यो
001730.wav|यो
001731.wav|यो
001732.wav|यो
001733.wav|यो
001734.wav|यो
001735.wav|यो
001736.wav|गरेर
001737.wav|गर्छ
001738.wav|गर्छ
001739.wav|गर्छ
001740.wav|सहायक
001741.wav|सहायक
001742.wav|सहायक
001743.wav|सहायक
001744.wav|जनतालाई
001745.wav|जनतालाई
001746.wav|जनतालाई
001747.wav|फैरिस
001748.wav|पर्छ
001749.wav|देवी
001750.wav|रोनमा
001751.wav|इतिहासकार
001752.wav|इतिहासकार
001753.wav|इतिहासकार
001754.wav|कमेडी
001755.wav|राष्ट्रपति
001756.wav|उज्यालो
001757.wav|संग्रहालय
001758.wav|दह
001759.wav|दह
001760.wav|डायोसिज
001761.wav|महामारी
001762.wav|महामारी
001763.wav|पर्यटक
001764.wav|फारम
001765.wav|सम्बन्धमा
001766.wav|पारानाको
001767.wav|लिखित
001768.wav|लिखित
001769.wav|विद्या
001770.wav|विद्या
001771.wav|मृत्यु
001772.wav|ग्रेट
001773.wav|चाहियो
001774.wav|क्रुज
001775.wav|डबल
001776.wav|जामुनोको
001777.wav|किमको
001778.wav|किमको
001779.wav|किमको
001780.wav|किमको
001781.wav|किमको
001782.wav|किमको
001783.wav|किमको
001784.wav|ए
001785.wav|ए
001786.wav|ए
001787.wav|ए
001788.wav|बचाउने
001789.wav|बचाउने
001790.wav|सुप
001791.wav|टेनिस
001792.wav|टेनिस
001793.wav|रोल
001794.wav|बोलेको
001795.wav|महत
001796.wav|बरु
001797.wav|बरु
001798.wav|मीठो
001799.wav|विभाजन
001800.wav|विभाजन
001801.wav|विभाजन
001802.wav|सल्यान
001803.wav|सल्यान
001804.wav|आउने
001805.wav|आउने
001806.wav|आउने
001807.wav|आउने
001808.wav|हजरत
001809.wav|अधिकार
001810.wav|अधिकार
001811.wav|अधिकार
001812.wav|अधिकार
001813.wav|अधिकार
001814.wav|अधिकार
001815.wav|अधिकार
001816.wav|सत्तरीमा
001817.wav|सिरियाली
001818.wav|खरायो
001819.wav|बिमा
001820.wav|दर
001821.wav|ठहर
001822.wav|सालक
001823.wav|अण्डा
001824.wav|खुवाई
001825.wav|अरु
001826.wav|कम्पनीले
001827.wav|कम्पनीले
001828.wav|कम्पनीले
001829.wav|कम्पनीले
001830.wav|सुमात्रा
001831.wav|कलाकारिता
001832.wav|भेक्टर
001833.wav|कमै
001834.wav|गुमाएकी
001835.wav|बुद्ध
001836.wav|बुद्ध
001837.wav|बुद्ध
001838.wav|टाइम
001839.wav|आर
001840.wav|आर
001841.wav|जस्तै
001842.wav|जस्तै
001843.wav|कापमा
001844.wav|पुरा
001845.wav|पुरा
001846.wav|पुरा
001847.wav|पुरा
001848.wav|उत्पन्न
001849.wav|अंकित
001850.wav|अस्पताल
001851.wav|अस्पताल
001852.wav|अस्पताल
001853.wav|अस्पताल
001854.wav|अस्पताल
001855.wav|अस्पताल
001856.wav|अस्पताल
001857.wav|अस्पताल
001858.wav|अस्पताल
001859.wav|अस्पताल
001860.wav|फ्रान्सको
001861.wav|फ्रान्सको
001862.wav|फ्रान्सको
001863.wav|फ्रान्सको
001864.wav|फ्रान्सको
001865.wav|फ्रान्सको
001866.wav|तिमी
001867.wav|तिमी
001868.wav|तिमी
001869.wav|नक्सा
001870.wav|नक्सा
001871.wav|कोरिया
001872.wav|द्विप
001873.wav|मार्च
001874.wav|मट्टा
001875.wav|महादेवलाई
001876.wav|फिल्म
001877.wav|फिल्म
001878.wav|फिल्म
001879.wav|फिल्म
001880.wav|फिल्म
001881.wav|फिल्म
001882.wav|खास
001883.wav|इन्जिनियर
001884.wav|इन्डोनेसियामा
001885.wav|साइकल
001886.wav|नेताका
001887.wav|प्रति
001888.wav|प्रति
001889.wav|प्रति
001890.wav|लेजर
001891.wav|सुमनले
001892.wav|सुमनले
001893.wav|भागबाट
001894.wav|यस
001895.wav|यस
001896.wav|यस
001897.wav|यस
001898.wav|दर्शन
001899.wav|पाक्यो
001900.wav|नानिले
001901.wav|नानिले
001902.wav|सोच
001903.wav|पर्ला
001904.wav|पर्ला
001905.wav|पर्ला
001906.wav|सिसाको
001907.wav|दही
001908.wav|दही
001909.wav|दही
001910.wav|दही
001911.wav|दही
001912.wav|आज
001913.wav|आज
001914.wav|आज
001915.wav|आज
001916.wav|आज
001917.wav|आज
001918.wav|आज
001919.wav|आज
001920.wav|आज
001921.wav|आज
001922.wav|आज
001923.wav|आज
001924.wav|आज
001925.wav|मोडेल
001926.wav|मोडेल
001927.wav|जनावर
001928.wav|जनावर
001929.wav|जनावर
001930.wav|उद्गम
001931.wav|आठमा
001932.wav|मार्गमा
001933.wav|मार्गमा
001934.wav|राखिएको
001935.wav|राखिएको
001936.wav|प्रान्तको
001937.wav|प्रान्तको
001938.wav|सत्रको
001939.wav|लेन्ट
001940.wav|उपसाला
001941.wav|राजमार्ग
001942.wav|राजमार्ग
001943.wav|राजमार्ग
001944.wav|राजमार्ग
001945.wav|राजमार्ग
001946.wav|मकै
001947.wav|चाहने
001948.wav|नाली
001949.wav|नाली
001950.wav|एस
001951.wav|एस
001952.wav|थप
001953.wav|थप
001954.wav|थप
001955.wav|थप
001956.wav|भन्दै
001957.wav|रग्बी
001958.wav|रग्बी
001959.wav|लेखक
001960.wav|लेखक
001961.wav|लेखक
001962.wav|लेखक
001963.wav|लेखक
001964.wav|लेखक
001965.wav|लेखक
001966.wav|लेखक
001967.wav|लेखक
001968.wav|लेखक
001969.wav|लेखक
001970.wav|लेखक
001971.wav|लेखक
001972.wav|लेखक
001973.wav|लेखक
001974.wav|चक्का
001975.wav|नुनिलो
001976.wav|फिलिपिन्सका
001977.wav|तानसेन
001978.wav|हत्या
001979.wav|महामारीको
001980.wav|महामारीको
001981.wav|महामारीको
001982.wav|सेवाको
001983.wav|त
001984.wav|उन
001985.wav|फिलिपिन्सको
001986.wav|फिलिपिन्सको
001987.wav|महामारीका
001988.wav|तिन
001989.wav|हाड
001990.wav|पानी
001991.wav|पानी
001992.wav|पानी
001993.wav|पानी
001994.wav|पानी
001995.wav|पानी
001996.wav|पानी
001997.wav|पानी
001998.wav|पानी
001999.wav|पानी
002000.wav|पानी
002001.wav|पानी
002002.wav|पानी
002003.wav|पानी
002004.wav|पानी
002005.wav|पानी
002006.wav|पानी
002007.wav|पानी
002008.wav|पानी
002009.wav|पानी
002010.wav|पानी
002011.wav|पानी
002012.wav|जुम्रा
002013.wav|परिकार
002014.wav|परिकार
002015.wav|पटेल
002016.wav|सुर्खेतमा
002017.wav|सुर्खेतमा
002018.wav|रोग
002019.wav|रोग
002020.wav|रोग
002021.wav|रोग
002022.wav|रोग
002023.wav|रोग
002024.wav|रोग
002025.wav|छोरी
002026.wav|निर्धारित
002027.wav|उर्मिला
002028.wav|मौसमी
002029.wav|मेवा
002030.wav|असलै
002031.wav|पठाउन
002032.wav|नौका
002033.wav|प्रधान
002034.wav|प्रधान
002035.wav|जनाको
002036.wav|भागमा
002037.wav|भागमा
002038.wav|भागमा
002039.wav|मल्ल
002040.wav|मल्ल
002041.wav|मल्ल
002042.wav|मल्ल
002043.wav|ग्रुप
002044.wav|पहाड
002045.wav|बिक
002046.wav|आफूले
002047.wav|इचर
002048.wav|मिली
002049.wav|मिली
002050.wav|उत्तराधिकारीको
002051.wav|लामो
002052.wav|लामो
002053.wav|लामो
002054.wav|सरकारी
002055.wav|सरकारी
002056.wav|सरकारी
002057.wav|सरकारी
002058.wav|सरकारी
002059.wav|सरकारी
002060.wav|सरकारी
002061.wav|सरकारी
002062.wav|कोरियाली
002063.wav|कोरियाली
002064.wav|बलायर
002065.wav|देवता
002066.wav|देवता
002067.wav|देवता
002068.wav|देवता
002069.wav|देवता
002070.wav|अनेक
002071.wav|अनेक
002072.wav|अनेक
002073.wav|अनेक
002074.wav|कारण
002075.wav|कारण
002076.wav|कारण
002077.wav|कारण
002078.wav|कारण
002079.wav|कारण
002080.wav|कारण
002081.wav|कारण
002082.wav|कारण
002083.wav|हेरेर
002084.wav|दिवस
002085.wav|दिवस
002086.wav|चुचुरो
002087.wav|पर्वत
002088.wav|पर्वत
002089.wav|पर्वत
002090.wav|पर्वत
002091.wav|पर्वत
002092.wav|एकान्त
002093.wav|लगाको
002094.wav|जाति
002095.wav|नारा
002096.wav|नारा
002097.wav|नारा
002098.wav|पत्रकार
002099.wav|पत्रकार
002100.wav|ग्रिल्ड
002101.wav|तमोर
002102.wav|भक्त
002103.wav|जेलुपा
002104.wav|मापसे
002105.wav|राखे
002106.wav|राखे
002107.wav|फुटबल
002108.wav|फुटबल
002109.wav|फुटबल
002110.wav|फुटबल
002111.wav|फुटबल
002112.wav|फुटबल
002113.wav|फुटबल
002114.wav|फुटबल
002115.wav|फुटबल
002116.wav|फुटबल
002117.wav|फुटबल
002118.wav|फुटबल
002119.wav|फुटबल
002120.wav|फुटबल
002121.wav|फुटबल
002122.wav|फुटबल
002123.wav|फुटबल
002124.wav|फुटबल
002125.wav|फुटबल
002126.wav|फुटबल
002127.wav|कथा
002128.wav|कथा
002129.wav|कथा
002130.wav|कथा
002131.wav|कथा
002132.wav|कथा
002133.wav|कथा
002134.wav|कथा
002135.wav|कथा
002136.wav|कथा
002137.wav|कथा
002138.wav|कथा
002139.wav|कोरियाले
002140.wav|रसियाको
002141.wav|रसियाको
002142.wav|रसियाको
002143.wav|हवाई
002144.wav|हवाई
002145.wav|बयालिसमा
002146.wav|बयालिसमा
002147.wav|हरेक
002148.wav|एसियामा
002149.wav|सिकार
002150.wav|रसियाका
002151.wav|अहिले
002152.wav|अहिले
002153.wav|अहिले
002154.wav|अहिले
002155.wav|अहिले
002156.wav|अहिले
002157.wav|अहिले
002158.wav|अहिले
002159.wav|अहिले
002160.wav|अहिले
002161.wav|रक्सी
002162.wav|सम्भावना
002163.wav|सम्भावना
002164.wav|सम्भावना
002165.wav|टापु
002166.wav|टापु
002167.wav|बाट
002168.wav|बाट
002169.wav|बाट
002170.wav|बाट
002171.wav|निर्माण
002172.wav|सिद्धार्थ
002173.wav|चरन
002174.wav|आर्किटेक्ट
002175.wav|गडफादर
002176.wav|कार्यमा
002177.wav|कार्यमा
002178.wav|धन
002179.wav|मिसाइलको
002180.wav|पोषण
002181.wav|बसको
002182.wav|तेति
002183.wav|हुन्छन्
002184.wav|निर्वाचित
002185.wav|सर्लाही
002186.wav|देखने
002187.wav|देखने
002188.wav|ताक
002189.wav|सल्लाह
002190.wav|भुटान
002191.wav|कम्पनीलाई
002192.wav|धरानमा
002193.wav|फ्रेन्स
002194.wav|मल
002195.wav|मल
002196.wav|विजयी
002197.wav|पूर्वमा
002198.wav|पास
002199.wav|सजिलो
002200.wav|सजिलो
002201.wav|सजिलो
002202.wav|दिशा
002203.wav|प्रशस्त
002204.wav|मोटरसाइकल
002205.wav|मोटरसाइकल
002206.wav|मेलिना
002207.wav|मे
002208.wav|मदिरा
002209.wav|मदिरा
002210.wav|सजिला
002211.wav|अस्ट्रेलिया
002212.wav|अस्ट्रेलिया
002213.wav|नियम
002214.wav|नियम
002215.wav|नियम
002216.wav|बत्ती
002217.wav|पसलमा
002218.wav|पसलमा
002219.wav|पसलमा
002220.wav|काखमा
002221.wav|फर्स्ट
002222.wav|लिटल
002223.wav|व्यवस्थापन
002224.wav|कथाका
002225.wav|पाप
002226.wav|देखायो
002227.wav|भाडा
002228.wav|तल
002229.wav|भोको
002230.wav|नौ
002231.wav|नौ
002232.wav|नौ
002233.wav|नौ
002234.wav|रमाईला
002235.wav|क्रिकेट
002236.wav|कुण्ड
002237.wav|कुण्ड
002238.wav|अवस्थित
002239.wav|अवस्थित
002240.wav|अवस्थित
002241.wav|अवस्थित
002242.wav|अवस्थित
002243.wav|अवस्थित
002244.wav|अवस्थित
002245.wav|अवस्थित
002246.wav|अवस्थित
002247.wav|अवस्थित
002248.wav|अवस्थित
002249.wav|अवस्थित
002250.wav|कथाको
002251.wav|यति
002252.wav|गौतम
002253.wav|ती
002254.wav|ती
002255.wav|ती
002256.wav|ती
002257.wav|ती
002258.wav|समाधान
002259.wav|समाधान
002260.wav|नियमित
002261.wav|जर्मनका
002262.wav|नदीका
002263.wav|तरिका
002264.wav|हवाईमा
002265.wav|अप्टिकल
002266.wav|अप्टिकल
002267.wav|पूर्ण
002268.wav|पूर्ण
002269.wav|पूर्ण
002270.wav|समाप्त
002271.wav|समतल
002272.wav|बाहिर
002273.wav|बाहिर
002274.wav|बाहिर
002275.wav|समापन
002276.wav|समापन
002277.wav|होचा
002278.wav|होचा
002279.wav|शरीर
002280.wav|मक्वारी
002281.wav|डच
002282.wav|डच
002283.wav|मोर्गन
002284.wav|नदीको
002285.wav|नदीको
002286.wav|नदीको
002287.wav|नदीको
002288.wav|तिमीले
002289.wav|रथी
002290.wav|प्रथम
002291.wav|प्रथम
002292.wav|प्रथम
002293.wav|प्रथम
002294.wav|प्रथम
002295.wav|प्रथम
002296.wav|निर्देशक
002297.wav|निर्देशक
002298.wav|निर्देशक
002299.wav|निर्देशक
002300.wav|निर्देशक
002301.wav|निर्देशक
002302.wav|निर्देशक
002303.wav|निर्देशक
002304.wav|फेदी
002305.wav|तत्व
002306.wav|लियोनमा
002307.wav|लियोनमा
002308.wav|अमेरिकन
002309.wav|अमेरिकन
002310.wav|सानिमा
002311.wav|बाटोमा
002312.wav|बाटोमा
002313.wav|तालको
002314.wav|जर्मनीमा
002315.wav|जर्मनीमा
002316.wav|भुटानी
002317.wav|स्टेसन
002318.wav|बयासी
002319.wav|चेपे
002320.wav|हरियो
002321.wav|लिनक्स
002322.wav|खेलको
002323.wav|खेलको
002324.wav|खेलको
002325.wav|प्रागमा
002326.wav|फोन
002327.wav|फोन
002328.wav|फोन
002329.wav|फोन
002330.wav|फोन
002331.wav|सकिन्छ
002332.wav|सकिन्छ
002333.wav|सकिन्छ
002334.wav|सकिन्छ
002335.wav|सकिन्छ
002336.wav|सकिन्छ
002337.wav|सकिन्छ
002338.wav|सकिन्छ
002339.wav|धना
002340.wav|नम्बर
002341.wav|वेस्टफेलिया
002342.wav|केरलका
002343.wav|केरलका
002344.wav|केरलका
002345.wav|केरलका
002346.wav|आचार्यको
002347.wav|काब्रु
002348.wav|कठै
002349.wav|किसिमका
002350.wav|किसिमका
002351.wav|किसिमका
002352.wav|व्रत
002353.wav|वजन
002354.wav|त्रैमासिक
002355.wav|सुन्दै
002356.wav|नाम
002357.wav|नाम
002358.wav|नाम
002359.wav|नाम
002360.wav|नाम
002361.wav|नाम
002362.wav|नाम
002363.wav|नाम
002364.wav|नाम
002365.wav|नाम
002366.wav|नाम
002367.wav|नाम
002368.wav|नाम
002369.wav|नाम
002370.wav|नाम
002371.wav|नाम
002372.wav|नाम
002373.wav|नाम
002374.wav|नाम
002375.wav|नाम
002376.wav|नाम
002377.wav|नाम
002378.wav|नाम
002379.wav|नाम
002380.wav|नाम
002381.wav|नाम
002382.wav|नाम
002383.wav|नाम
002384.wav|नाम
002385.wav|नाम
002386.wav|नाम
002387.wav|नाम
002388.wav|नाम
002389.wav|नाम
002390.wav|नाम
002391.wav|नाम
002392.wav|नाम
002393.wav|नाम
002394.wav|नाम
002395.wav|नाम
002396.wav|नाम
002397.wav|नाम
002398.wav|नाम
002399.wav|नाम
002400.wav|नाम
002401.wav|माध्यम
002402.wav|ओलम्पिक
002403.wav|ओलम्पिक
002404.wav|मध्यम
002405.wav|रानीको
002406.wav|धरहरा
002407.wav|दिपायल
002408.wav|दिपायल
002409.wav|तार
002410.wav|तार
002411.wav|क्वाला
002412.wav|केरलको
002413.wav|केरलको
002414.wav|सक्सोनीको
002415.wav|इटालीमा
002416.wav|इटालीमा
002417.wav|जिल्ला
002418.wav|जिल्ला
002419.wav|जिल्ला
002420.wav|जिल्ला
002421.wav|जिल्ला
002422.wav|जिल्ला
002423.wav|जिल्ला
002424.wav|जिल्ला
002425.wav|जिल्ला
002426.wav|जिल्ला
002427.wav|जिल्ला
002428.wav|जिल्ला
002429.wav|जिल्ला
002430.wav|जिल्ला
002431.wav|जिल्ला
002432.wav|जिल्ला
002433.wav|जिल्ला
002434.wav|जिल्ला
002435.wav|जिल्ला
002436.wav|जिल्ला
002437.wav|जिल्ला
002438.wav|जिल्ला
002439.wav|जिल्ला
002440.wav|जिल्ला
002441.wav|जिल्ला
002442.wav|जिल्ला
002443.wav|जिल्ला
002444.wav|जिल्ला
002445.wav|जिल्ला
002446.wav|जिल्ला
002447.wav|जिल्ला
002448.wav|जिल्ला
002449.wav|जिल्ला
002450.wav|जिल्ला
002451.wav|जिल्ला
002452.wav|जिल्ला
002453.wav|जिल्ला
002454.wav|मात
002455.wav|पठार
002456.wav|स्वामी
002457.wav|चिरेर
002458.wav|चितवन
002459.wav|संस्था
002460.wav|नसुनेका
002461.wav|घिमिरे
002462.wav|घिमिरे
002463.wav|घिमिरे
002464.wav|टीम
002465.wav|बारा
002466.wav|बारा
002467.wav|जमिन
002468.wav|जमिन
002469.wav|जमिन
002470.wav|जीवनका
002471.wav|पोलिस
002472.wav|पोलिस
002473.wav|पोलिस
002474.wav|पोलिस
002475.wav|साधारण
002476.wav|अमेरिकी
002477.wav|अमेरिकी
002478.wav|अमेरिकी
002479.wav|अमेरिकी
002480.wav|अमेरिकी
002481.wav|अमेरिकी
002482.wav|अमेरिकी
002483.wav|अमेरिकी
002484.wav|अमेरिकी
002485.wav|अमेरिकी
002486.wav|अमेरिकी
002487.wav|अमेरिकी
002488.wav|अमेरिकी
002489.wav|अमेरिकी
002490.wav|अमेरिकी
002491.wav|अमेरिकी
002492.wav|अमेरिकी
002493.wav|अमेरिकी
002494.wav|अमेरिकी
002495.wav|अमेरिकी
002496.wav|अमेरिकी
002497.wav|अमेरिकी
002498.wav|अमेरिकी
002499.wav|अमेरिकी
002500.wav|अमेरिकी
002501.wav|महासागरमा
002502.wav|भेगमा
002503.wav|प्रतियोगिता
002504.wav|प्रतियोगिता
002505.wav|प्रतियोगिता
002506.wav|त्रियुगा
002507.wav|अभिनेता
002508.wav|अभिनेता
002509.wav|अभिनेता
002510.wav|अभिनेता
002511.wav|अभिनेता
002512.wav|अभिनेता
002513.wav|अभिनेता
002514.wav|अभिनेता
002515.wav|अभिनेता
002516.wav|अभिनेता
002517.wav|अभिनेता
002518.wav|अभिनेता
002519.wav|अभिनेता
002520.wav|अभिनेता
002521.wav|अभिनेता
002522.wav|सडकमा
002523.wav|उडानमा
002524.wav|परियारको
002525.wav|उन्नाइस
002526.wav|उन्नाइस
002527.wav|उन्नाइस
002528.wav|उन्नाइस
002529.wav|उन्नाइस
002530.wav|उन्नाइस
002531.wav|उन्नाइस
002532.wav|उन्नाइस
002533.wav|उन्नाइस
002534.wav|उन्नाइस
002535.wav|उन्नाइस
002536.wav|उन्नाइस
002537.wav|उन्नाइस
002538.wav|उन्नाइस
002539.wav|उन्नाइस
002540.wav|उन्नाइस
002541.wav|उन्नाइस
002542.wav|उन्नाइस
002543.wav|उन्नाइस
002544.wav|उन्नाइस
002545.wav|उन्नाइस
002546.wav|उन्नाइस
002547.wav|कारक
002548.wav|आमा
002549.wav|आमा
002550.wav|उपनिवेश
002551.wav|उपनिवेश
002552.wav|उपनिवेश
002553.wav|उपनिवेश
002554.wav|उपनिवेश
002555.wav|उपनिवेश
002556.wav|उपनिवेश
002557.wav|महको
002558.wav|जगतका
002559.wav|यात्रा
002560.wav|यात्रा
002561.wav|यात्रा
002562.wav|यात्रा
002563.wav|घरमा
002564.wav|ट्रान्सफर
002565.wav|उडायो
002566.wav|उपत्यकाको
002567.wav|उपत्यकाको
002568.wav|तट
002569.wav|तट
002570.wav|चिनी
002571.wav|रेजिना
002572.wav|उत्तराधिकारी
002573.wav|चलचित्रमा
002574.wav|चलचित्रमा
002575.wav|नत्र
002576.wav|नत्र
002577.wav|इडेन
002578.wav|समुह
002579.wav|समुह
002580.wav|चिहानको
002581.wav|होटल
002582.wav|होटल
002583.wav|होटल
002584.wav|लिम्बु
002585.wav|लिम्बु
002586.wav|लिम्बु
002587.wav|भोक
002588.wav|सपना
002589.wav|सपना
002590.wav|मेसो
002591.wav|क्याम्पियन
002592.wav|सप्लायर्स
002593.wav|पैतालिस
002594.wav|कदर
002595.wav|पक्षमा
002596.wav|प्रोसेसर
002597.wav|महाभारत
002598.wav|धनकुटा
002599.wav|कठपुतली
002600.wav|बासिन्दाका
002601.wav|जाने
002602.wav|जाने
002603.wav|जाने
002604.wav|जाने
002605.wav|प्रतिमा
002606.wav|आन्तरिक
002607.wav|आन्तरिक
002608.wav|आन्तरिक
002609.wav|आन्तरिक
002610.wav|ठमेल
002611.wav|सुमन
002612.wav|खोजेको
002613.wav|खोजेको
002614.wav|वर्ग
002615.wav|वर्ग
002616.wav|वर्ग
002617.wav|पलिमर
002618.wav|उद्धार
002619.wav|धोज
002620.wav|अनुसार
002621.wav|अनुसार
002622.wav|अनुसार
002623.wav|अनुसार
002624.wav|अनुसार
002625.wav|अनुसार
002626.wav|घटना
002627.wav|सक्ने
002628.wav|भन्ने
002629.wav|भन्ने
002630.wav|भन्ने
002631.wav|भन्ने
002632.wav|भन्ने
002633.wav|घुर्मी
002634.wav|घुर्मी
002635.wav|सबैले
002636.wav|सबैले
002637.wav|चर्चित
002638.wav|चर्चित
002639.wav|चर्चित
002640.wav|चर्चित
002641.wav|चर्चित
002642.wav|चर्चित
002643.wav|चर्चित
002644.wav|चर्चित
002645.wav|चर्चित
002646.wav|चर्चित
002647.wav|चर्चित
002648.wav|चर्चित
002649.wav|चर्चित
002650.wav|चर्चित
002651.wav|चर्चित
002652.wav|चर्चित
002653.wav|चर्चित
002654.wav|चर्चित
002655.wav|चर्चित
002656.wav|चर्चित
002657.wav|चर्चित
002658.wav|चर्चित
002659.wav|चर्चित
002660.wav|चर्चित
002661.wav|चर्चित
002662.wav|चर्चित
002663.wav|चर्चित
002664.wav|चर्चित
002665.wav|हजार
002666.wav|हजार
002667.wav|हजार
002668.wav|हजार
002669.wav|हजार
002670.wav|हजार
002671.wav|हजार
002672.wav|हजार
002673.wav|हजार
002674.wav|हजार
002675.wav|हजार
002676.wav|हजार
002677.wav|हजार
002678.wav|हजार
002679.wav|हजार
002680.wav|हजार
002681.wav|हजार
002682.wav|हजार
002683.wav|हजार
002684.wav|हजार
002685.wav|हजार
002686.wav|हजार
002687.wav|हजार
002688.wav|हजार
002689.wav|हजार
002690.wav|हजार
002691.wav|हजार
002692.wav|हजार
002693.wav|हजार
002694.wav|हजार
002695.wav|हजार
002696.wav|हजार
002697.wav|हजार
002698.wav|हजार
002699.wav|हजार
002700.wav|हजार
002701.wav|सिसाक
002702.wav|उसका
002703.wav|ज्यान
002704.wav|गीत
002705.wav|गीत
002706.wav|गीत
002707.wav|उसको
002708.wav|उसको
002709.wav|उसको
002710.wav|मिसिगनमा
002711.wav|नाडकर
002712.wav|केपमा
002713.wav|डिसी
002714.wav|डिसी
002715.wav|बाल
002716.wav|बाल
002717.wav|चिहान
002718.wav|किलोमिटर
002719.wav|किलोमिटर
002720.wav|उबुन्टुमा
002721.wav|नहुने
002722.wav|नहुने
002723.wav|नहुने
002724.wav|नहुने
002725.wav|नहुने
002726.wav|पेनाल्टी
002727.wav|पेनाल्टी
002728.wav|राजु
002729.wav|ग्राफिक्सका
002730.wav|बन्ने
002731.wav|लिबर्टी
002732.wav|ताम्राकार
002733.wav|मन
002734.wav|मन
002735.wav|मन
002736.wav|मन
002737.wav|प्रतियोगितामा
002738.wav|प्रतियोगितामा
002739.wav|न्यून
002740.wav|समोसा
002741.wav|बाल्मो
002742.wav|बेल्ट
002743.wav|उपचार
002744.wav|उपचार
002745.wav|उपचार
002746.wav|उपचार
002747.wav|उपचार
002748.wav|उपचार
002749.wav|उपचार
002750.wav|उपचार
002751.wav|उपचार
002752.wav|उपचार
002753.wav|उनान्सत्तरी
002754.wav|प्रबल
002755.wav|राम्रा
002756.wav|भवनको
002757.wav|बाकु
002758.wav|जिल्लाको
002759.wav|जिल्लाको
002760.wav|जिल्लाको
002761.wav|जिल्लाको
002762.wav|जिल्लाको
002763.wav|जिल्लाको
002764.wav|जिल्लाको
002765.wav|जिल्लाको
002766.wav|जिल्लाको
002767.wav|जिल्लाको
002768.wav|जिल्लाको
002769.wav|जिल्लाको
002770.wav|जिल्लाको
002771.wav|जिल्लाको
002772.wav|जिल्लाको
002773.wav|जिल्लाको
002774.wav|जिल्लाको
002775.wav|जिल्लाको
002776.wav|इल
002777.wav|गायन
002778.wav|मेला
002779.wav|परेका
002780.wav|उनलाई
002781.wav|उनलाई
002782.wav|उनलाई
002783.wav|डोटी
002784.wav|डोटी
002785.wav|डोटी
002786.wav|डोटी
002787.wav|डोटी
002788.wav|डोटी
002789.wav|डोटी
002790.wav|डोटी
002791.wav|डोटी
002792.wav|डोटी
002793.wav|डोटी
002794.wav|डोटी
002795.wav|चालेनन
002796.wav|हमालबाट
002797.wav|चट्टान
002798.wav|परेको
002799.wav|परेको
002800.wav|परेको
002801.wav|परेको
002802.wav|राम्रो
002803.wav|राम्रो
002804.wav|राम्रो
002805.wav|राम्रो
002806.wav|राम्रो
002807.wav|राम्रो
002808.wav|राम्रो
002809.wav|राम्रो
002810.wav|राम्रो
002811.wav|राम्रो
002812.wav|राम्रो
002813.wav|राम्रो
002814.wav|राम्रो
002815.wav|राम्रो
002816.wav|राम्रो
002817.wav|राम्रो
002818.wav|राम्रो
002819.wav|चित्रकार
002820.wav|चित्रकार
002821.wav|चित्रकार
002822.wav|चित्रकार
002823.wav|चित्रकार
002824.wav|चित्रकार
002825.wav|चित्रकार
002826.wav|चित्रकार
002827.wav|चित्रकार
002828.wav|चित्रकार
002829.wav|चित्रकार
002830.wav|मास
002831.wav|स्थित
002832.wav|व्यास
002833.wav|जिल्लाका
002834.wav|जिल्लाका
002835.wav|जिल्लाका
002836.wav|महिला
002837.wav|महिला
002838.wav|महिला
002839.wav|महिला
002840.wav|महिला
002841.wav|महिला
002842.wav|महिला
002843.wav|महिला
002844.wav|प्राथमिकता
002845.wav|सेवकाई
002846.wav|स्तरको
002847.wav|नेपालको
002848.wav|नेपालको
002849.wav|नेपालको
002850.wav|नेपालको
002851.wav|नेपालको
002852.wav|नेपालको
002853.wav|नेपालको
002854.wav|नेपालको
002855.wav|नेपालको
002856.wav|नेपालको
002857.wav|नेपालको
002858.wav|नेपालको
002859.wav|नेपालको
002860.wav|नेपालको
002861.wav|नेपालको
002862.wav|नेपालको
002863.wav|नेपालको
002864.wav|नेपालको
002865.wav|नेपालको
002866.wav|नेपालको
002867.wav|नेपालको
002868.wav|नेपालको
002869.wav|नेपालको
002870.wav|नेपालको
002871.wav|नेपालको
002872.wav|नेपालको
002873.wav|नेपालको
002874.wav|नेपालको
002875.wav|नेपालको
002876.wav|नेपालको
002877.wav|नेपालको
002878.wav|नेपालको
002879.wav|नेपालको
002880.wav|नेपालको
002881.wav|नेपालको
002882.wav|नेपालको
002883.wav|नेपालको
002884.wav|नेपालको
002885.wav|नेपालको
002886.wav|नेपालको
002887.wav|नेपालको
002888.wav|नेपालको
002889.wav|नेपालको
002890.wav|नेपालको
002891.wav|नेपालको
002892.wav|नेपालको
002893.wav|नेपालको
002894.wav|नेपालको
002895.wav|नेपालको
002896.wav|नेपालको
002897.wav|नेपालको
002898.wav|नेपालको
002899.wav|नेपालको
002900.wav|नेपालको
002901.wav|नेपालको
002902.wav|नेपालको
002903.wav|नेपालको
002904.wav|नेपालको
002905.wav|नेपालको
002906.wav|नेपालको
002907.wav|नेपालको
002908.wav|नेपालको
002909.wav|नेपालको
002910.wav|नेपालको
002911.wav|नेपालको
002912.wav|नेपालको
002913.wav|नेपालको
002914.wav|नेपालको
002915.wav|नेपालको
002916.wav|नेपालको
002917.wav|नेपालको
002918.wav|नेपालको
002919.wav|नेपालको
002920.wav|नेपालको
002921.wav|नेपालको
002922.wav|नेपालको
002923.wav|नेपालको
002924.wav|नेपालको
002925.wav|नेपालको
002926.wav|नेपालको
002927.wav|नेपालको
002928.wav|नेपालको
002929.wav|नेपालको
002930.wav|नेपालको
002931.wav|नेपालको
002932.wav|नेपालको
002933.wav|नेपालको
002934.wav|नेपालको
002935.wav|बनाउने
002936.wav|बनाउने
002937.wav|उत्पतिका
002938.wav|नि
002939.wav|चारको
002940.wav|स्वायत्त
002941.wav|नदीलाई
002942.wav|रिजाल
002943.wav|रिजाल
002944.wav|नेपालका
002945.wav|नेपालका
002946.wav|नेपालका
002947.wav|नेपालका
002948.wav|नेपालका
002949.wav|नेपालका
002950.wav|नेपालका
002951.wav|नेपालका
002952.wav|नेपालका
002953.wav|नेपालका
002954.wav|सागरमा
002955.wav|प्रचलनको
002956.wav|हिलारी
002957.wav|छापेको
002958.wav|फ्रेड्डी
002959.wav|गाउँ
002960.wav|गाउँ
002961.wav|गाउँ
002962.wav|पोन्ट
002963.wav|दाल
002964.wav|पसल
002965.wav|पसल
002966.wav|पसल
002967.wav|इन्टेल
002968.wav|सिकागो
002969.wav|केन्द्रले
002970.wav|बंगाल
002971.wav|सम्म
002972.wav|सम्म
002973.wav|सम्म
002974.wav|सम्म
002975.wav|सम्म
002976.wav|फाइबर
002977.wav|फाइबर
002978.wav|क्यालिफोर्नियाको
002979.wav|पीमा
002980.wav|क्लारा
002981.wav|युएस
002982.wav|फोक्सोमा
002983.wav|अन्त
002984.wav|मध्य
002985.wav|मध्य
002986.wav|प्रतिवेदन
002987.wav|प्रतिवेदन
002988.wav|प्रतिवेदन
002989.wav|प्रतिवेदन
002990.wav|कत्तिको
002991.wav|कत्तिको
002992.wav|स्पेनको
002993.wav|स्पेनको
002994.wav|ताजा
002995.wav|ताजा
002996.wav|ताजा
002997.wav|तर्फबाट
002998.wav|भरत
002999.wav|भरत
003000.wav|पसलका
003001.wav|के
003002.wav|के
003003.wav|के
003004.wav|के
003005.wav|के
003006.wav|के
003007.wav|के
003008.wav|के
003009.wav|के
003010.wav|के
003011.wav|के
003012.wav|के
003013.wav|के
003014.wav|के
003015.wav|के
003016.wav|के
003017.wav|के
003018.wav|के
003019.wav|गुस्ताव
003020.wav|हुन्
003021.wav|हुन्
003022.wav|सिविल
003023.wav|कावेरी
003024.wav|जानिन्छ
003025.wav|कार
003026.wav|मान्छेको
003027.wav|भस्त्र
003028.wav|मुनाफ
003029.wav|बाहुल्य
003030.wav|जटिल
003031.wav|जटिल
003032.wav|खुसी
003033.wav|उक्त
003034.wav|उक्त
003035.wav|उक्त
003036.wav|उक्त
003037.wav|उक्त
003038.wav|कम्युनिस्ट
003039.wav|कम्युनिस्ट
003040.wav|टेक्नोलोजी
003041.wav|पसलको
003042.wav|आरोही
003043.wav|हो
003044.wav|हो
003045.wav|हो
003046.wav|हो
003047.wav|हो
003048.wav|हो
003049.wav|हो
003050.wav|हो
003051.wav|हो
003052.wav|हो
003053.wav|हो
003054.wav|हो
003055.wav|हो
003056.wav|हो
003057.wav|हो
003058.wav|हो
003059.wav|हो
003060.wav|हो
003061.wav|हो
003062.wav|हो
003063.wav|हो
003064.wav|हो
003065.wav|हो
003066.wav|हो
003067.wav|हो
003068.wav|हो
003069.wav|हो
003070.wav|हो
003071.wav|हो
003072.wav|हो
003073.wav|हो
003074.wav|हो
003075.wav|हो
003076.wav|हो
003077.wav|हो
003078.wav|हो
003079.wav|हो
003080.wav|हो
003081.wav|हो
003082.wav|हो
003083.wav|हो
003084.wav|हो
003085.wav|हो
003086.wav|हो
003087.wav|हो
003088.wav|हो
003089.wav|हो
003090.wav|हो
003091.wav|हो
003092.wav|हो
003093.wav|हो
003094.wav|हो
003095.wav|हो
003096.wav|हो
003097.wav|हो
003098.wav|हो
003099.wav|हो
003100.wav|हो
003101.wav|हो
003102.wav|हो
003103.wav|हो
003104.wav|हो
003105.wav|हो
003106.wav|हो
003107.wav|हो
003108.wav|हो
003109.wav|हो
003110.wav|हो
003111.wav|हो
003112.wav|हो
003113.wav|हो
003114.wav|हो
003115.wav|हो
003116.wav|हो
003117.wav|हो
003118.wav|हो
003119.wav|हो
003120.wav|हो
003121.wav|हो
003122.wav|हो
003123.wav|हो
003124.wav|हो
003125.wav|हो
003126.wav|हो
003127.wav|हो
003128.wav|हो
003129.wav|हो
003130.wav|हो
003131.wav|हो
003132.wav|हो
003133.wav|हो
003134.wav|हो
003135.wav|हो
003136.wav|हो
003137.wav|हो
003138.wav|हो
003139.wav|हो
003140.wav|हो
003141.wav|हो
003142.wav|हो
003143.wav|हो
003144.wav|हो
003145.wav|हो
003146.wav|हो
003147.wav|हो
003148.wav|हो
003149.wav|हो
003150.wav|हो
003151.wav|हो
003152.wav|हो
003153.wav|हो
003154.wav|हो
003155.wav|हो
003156.wav|हो
003157.wav|हो
003158.wav|हो
003159.wav|हो
003160.wav|हो
003161.wav|हो
003162.wav|हो
003163.wav|हो
003164.wav|हो
003165.wav|हो
003166.wav|हो
003167.wav|हो
003168.wav|हो
003169.wav|हो
003170.wav|हो
003171.wav|हो
003172.wav|हो
003173.wav|हो
003174.wav|हो
003175.wav|हो
003176.wav|हो
003177.wav|हो
003178.wav|हो
003179.wav|हो
003180.wav|हो
003181.wav|हो
003182.wav|हो
003183.wav|हो
003184.wav|हो
003185.wav|हो
003186.wav|हो
003187.wav|हो
003188.wav|हो
003189.wav|हो
003190.wav|हो
003191.wav|हो
003192.wav|हो
003193.wav|हो
003194.wav|हो
003195.wav|हो
003196.wav|हो
003197.wav|हो
003198.wav|हो
003199.wav|हो
003200.wav|हो
003201.wav|हो
003202.wav|हो
003203.wav|हो
003204.wav|हो
003205.wav|हो
003206.wav|हो
003207.wav|हो
003208.wav|हो
003209.wav|हो
003210.wav|हो
003211.wav|हो
003212.wav|हो
003213.wav|हो
003214.wav|हो
003215.wav|हो
003216.wav|हो
003217.wav|हो
003218.wav|हो
003219.wav|हो
003220.wav|हो
003221.wav|हो
003222.wav|हो
003223.wav|हो
003224.wav|हो
003225.wav|हो
003226.wav|हो
003227.wav|हो
003228.wav|हो
003229.wav|हो
003230.wav|हो
003231.wav|हो
003232.wav|हो
003233.wav|हो
003234.wav|हो
003235.wav|हो
003236.wav|हो
003237.wav|हो
003238.wav|हो
003239.wav|हो
003240.wav|हो
003241.wav|हो
003242.wav|हो
003243.wav|हो
003244.wav|हो
003245.wav|हो
003246.wav|हो
003247.wav|हो
003248.wav|हो
003249.wav|हो
003250.wav|हो
003251.wav|हो
003252.wav|हो
003253.wav|हो
003254.wav|हो
003255.wav|हो
003256.wav|हो
003257.wav|हो
003258.wav|हो
003259.wav|हो
003260.wav|हो
003261.wav|हो
003262.wav|हो
003263.wav|हो
003264.wav|हो
003265.wav|हो
003266.wav|हो
003267.wav|हो
003268.wav|हो
003269.wav|हो
003270.wav|हो
003271.wav|हो
003272.wav|हो
003273.wav|हो
003274.wav|हो
003275.wav|हो
003276.wav|हो
003277.wav|हो
003278.wav|हो
003279.wav|हो
003280.wav|हो
003281.wav|हो
003282.wav|हो
003283.wav|हो
003284.wav|हो
003285.wav|हो
003286.wav|हो
003287.wav|हो
003288.wav|हो
003289.wav|हो
003290.wav|हो
003291.wav|हो
003292.wav|हो
003293.wav|हो
003294.wav|हो
003295.wav|हो
003296.wav|हो
003297.wav|हो
003298.wav|हो
003299.wav|हो
003300.wav|हो
003301.wav|हो
003302.wav|हो
003303.wav|हो
003304.wav|हो
003305.wav|हो
003306.wav|हो
003307.wav|हो
003308.wav|हो
003309.wav|हो
003310.wav|हो
003311.wav|हो
003312.wav|हो
003313.wav|हो
003314.wav|हो
003315.wav|हो
003316.wav|हो
003317.wav|हो
003318.wav|हो
003319.wav|हो
003320.wav|हो
003321.wav|हो
003322.wav|हो
003323.wav|हो
003324.wav|हो
003325.wav|हो
003326.wav|हो
003327.wav|हो
003328.wav|हो
003329.wav|हो
003330.wav|हो
003331.wav|हो
003332.wav|हो
003333.wav|माकुरा
003334.wav|ओक
003335.wav|ओक
003336.wav|की
003337.wav|घटेको
003338.wav|घटेको
003339.wav|चार्ज
003340.wav|प्रभावित
003341.wav|थियो
003342.wav|थियो
003343.wav|थियो
003344.wav|थियो
003345.wav|थियो
003346.wav|थियो
003347.wav|थियो
003348.wav|थियो
003349.wav|थियो
003350.wav|थियो
003351.wav|थियो
003352.wav|थियो
003353.wav|थियो
003354.wav|थियो
003355.wav|थियो
003356.wav|थियो
003357.wav|थियो
003358.wav|थियो
003359.wav|थियो
003360.wav|थियो
003361.wav|थियो
003362.wav|थियो
003363.wav|थियो
003364.wav|थियो
003365.wav|थियो
003366.wav|थियो
003367.wav|थियो
003368.wav|थियो
003369.wav|थियो
003370.wav|थियो
003371.wav|थियो
003372.wav|थियो
003373.wav|थियो
003374.wav|थियो
003375.wav|थियो
003376.wav|थियो
003377.wav|थियो
003378.wav|थियो
003379.wav|थियो
003380.wav|थियो
003381.wav|थियो
003382.wav|थियो
003383.wav|थियो
003384.wav|थियो
003385.wav|थियो
003386.wav|थियो
003387.wav|थियो
003388.wav|थियो
003389.wav|थियो
003390.wav|थियो
003391.wav|थियो
003392.wav|थियो
003393.wav|थियो
003394.wav|थियो
003395.wav|थियो
003396.wav|थियो
003397.wav|थियो
003398.wav|थियो
003399.wav|राम
003400.wav|राम
003401.wav|लागे
003402.wav|लागे
003403.wav|लागे
003404.wav|लागे
003405.wav|लागे
003406.wav|लागे
003407.wav|माला
003408.wav|खडेरीमा
003409.wav|हैरान
003410.wav|रामु
003411.wav|आजको
003412.wav|आजको
003413.wav|आजको
003414.wav|आजको
003415.wav|आजको
003416.wav|जारी
003417.wav|जारी
003418.wav|जारी
003419.wav|बेरको
003420.wav|परिवर्तनको
003421.wav|ललितपुरको
003422.wav|सिमानामा
003423.wav|सिमानामा
003424.wav|सिमानामा
003425.wav|सिमानामा
003426.wav|जनता
003427.wav|जनता
003428.wav|जन्मेका
003429.wav|मरेको
003430.wav|समिति
003431.wav|समिति
003432.wav|समिति
003433.wav|समिति
003434.wav|समिति
003435.wav|समिति
003436.wav|समिति
003437.wav|समिति
003438.wav|समिति
003439.wav|समिति
003440.wav|समिति
003441.wav|नपाएको
003442.wav|अवस्था
003443.wav|चोट
003444.wav|पहिला
003445.wav|नेपालीको
003446.wav|नेपालीको
003447.wav|सात
003448.wav|सात
003449.wav|सात
003450.wav|पहिलो
003451.wav|पहिलो
003452.wav|पहिलो
003453.wav|पहिलो
003454.wav|पहिलो
003455.wav|पहिलो
003456.wav|पहिलो
003457.wav|पहिलो
003458.wav|पहिलो
003459.wav|पहिलो
003460.wav|पहिलो
003461.wav|पहिलो
003462.wav|पहिलो
003463.wav|पहिलो
003464.wav|पहिलो
003465.wav|पहिलो
003466.wav|पहिलो
003467.wav|पहिलो
003468.wav|पहिलो
003469.wav|पहिलो
003470.wav|पहिलो
003471.wav|पहिलो
003472.wav|पहिलो
003473.wav|पहिलो
003474.wav|पहिलो
003475.wav|पहिलो
003476.wav|पहिलो
003477.wav|पहिलो
003478.wav|पहिलो
003479.wav|पहिलो
003480.wav|पहिलो
003481.wav|रिक्सा
003482.wav|जना
003483.wav|नेपालीका
003484.wav|एसियाको
003485.wav|एसियाको
003486.wav|सेवा
003487.wav|सेवा
003488.wav|सेवा
003489.wav|सेवा
003490.wav|सेवा
003491.wav|सेवा
003492.wav|सेवा
003493.wav|सेवा
003494.wav|सेवा
003495.wav|सेवा
003496.wav|सेवा
003497.wav|सेवा
003498.wav|सेवा
003499.wav|सेवा
003500.wav|सेवा
003501.wav|सेवा
003502.wav|मरेका
003503.wav|अनुपात
003504.wav|अनुपात
003505.wav|अर्थ
003506.wav|अर्थ
003507.wav|केरा
003508.wav|अडियो
003509.wav|सुरुवात
003510.wav|जातिले
003511.wav|सुखद
003512.wav|सुखद
003513.wav|छाप
003514.wav|आशा
003515.wav|लाग्न
003516.wav|निगमका
003517.wav|गुल्मी
003518.wav|गुल्मी
003519.wav|गुल्मी
003520.wav|रिपब्लिक
003521.wav|क्रान्ति
003522.wav|हकरा
003523.wav|हकरा
003524.wav|चमर
003525.wav|नर्तक
003526.wav|प्रहरीले
003527.wav|यादव
003528.wav|यादव
003529.wav|यादव
003530.wav|सुनार
003531.wav|स्वास्थ
003532.wav|बलायरको
003533.wav|तिम्रो
003534.wav|तिम्रो
003535.wav|तिम्रो
003536.wav|तिम्रो
003537.wav|हुन
003538.wav|हुन
003539.wav|हुन
003540.wav|हुन
003541.wav|हुन
003542.wav|फाइलम
003543.wav|फाइलम
003544.wav|फाइलम
003545.wav|नामै
003546.wav|अदालतमा
003547.wav|कडालको
003548.wav|लगानी
003549.wav|लगानी
003550.wav|लगानी
003551.wav|लगानी
003552.wav|तरिकाले
003553.wav|हल्लाई
003554.wav|रबिन
003555.wav|छालाको
003556.wav|पदक
003557.wav|सर्प
003558.wav|सर्प
003559.wav|सर्प
003560.wav|सर्प
003561.wav|टीवी
003562.wav|किरावा
003563.wav|इटालीको
003564.wav|इटालीको
003565.wav|केरलमा
003566.wav|केरलमा
003567.wav|इलाम
003568.wav|इलाम
003569.wav|इलाम
003570.wav|इलाम
003571.wav|इलाम
003572.wav|काउन्टी
003573.wav|दिनु
003574.wav|लियोनको
003575.wav|लियोनको
003576.wav|समुद्र
003577.wav|गोपालको
003578.wav|गोपालको
003579.wav|जितेको
003580.wav|पुर्याउने
003581.wav|कम
003582.wav|कम
003583.wav|कम
003584.wav|कम
003585.wav|कम
003586.wav|अनुदान
003587.wav|बोडेमा
003588.wav|वर्तमान
003589.wav|जर्मनीको
003590.wav|जर्मनीको
003591.wav|जर्मनीको
003592.wav|जर्मनीको
003593.wav|इटाली
003594.wav|इटाली
003595.wav|थालनी
003596.wav|बर्दिया
003597.wav|उनकी
003598.wav|उनकी
003599.wav|तातो
003600.wav|पार्टी
003601.wav|पार्टी
003602.wav|पार्टी
003603.wav|पार्टी
003604.wav|पार्टी
003605.wav|विदेशी
003606.wav|खेलमा
003607.wav|खेलमा
003608.wav|सवारी
003609.wav|तथा
003610.wav|तथा
003611.wav|तथा
003612.wav|तथा
003613.wav|तथा
003614.wav|तथा
003615.wav|तथा
003616.wav|तथा
003617.wav|तथा
003618.wav|तथा
003619.wav|तथा
003620.wav|तथा
003621.wav|तथा
003622.wav|तथा
003623.wav|तथा
003624.wav|तथा
003625.wav|तथा
003626.wav|तथा
003627.wav|तथा
003628.wav|तथा
003629.wav|तथा
003630.wav|तथा
003631.wav|तथा
003632.wav|तथा
003633.wav|तथा
003634.wav|तथा
003635.wav|तथा
003636.wav|तथा
003637.wav|तथा
003638.wav|तथा
003639.wav|तथा
003640.wav|तथा
003641.wav|तथा
003642.wav|तथा
003643.wav|तथा
003644.wav|तथा
003645.wav|तथा
003646.wav|तथा
003647.wav|तथा
003648.wav|तथा
003649.wav|तथा
003650.wav|तथा
003651.wav|तथा
003652.wav|तथा
003653.wav|तथा
003654.wav|तथा
003655.wav|तथा
003656.wav|तथा
003657.wav|तथा
003658.wav|विवाहको
003659.wav|जागिर
003660.wav|बुल्गेरियामा
003661.wav|कारणले
003662.wav|कारणले
003663.wav|जान्छ
003664.wav|जान्छ
003665.wav|थिए
003666.wav|खुट्टा
003667.wav|खुट्टा
003668.wav|ब्रो
003669.wav|कहिले
003670.wav|कहिले
003671.wav|कहिले
003672.wav|कहिले
003673.wav|नोटमा
003674.wav|समुद्री
003675.wav|समुद्री
003676.wav|जेट
003677.wav|हावा
003678.wav|हावा
003679.wav|गर्मी
003680.wav|गर्मी
003681.wav|गर्मी
003682.wav|नदीमा
003683.wav|नदीमा
003684.wav|नदीमा
003685.wav|नम्रता
003686.wav|तयारी
003687.wav|समर्थित
003688.wav|रायोनमा
003689.wav|किन्डल
003690.wav|डाटा
003691.wav|डाटा
003692.wav|डाटा
003693.wav|डाटा
003694.wav|मुनाफा
003695.wav|हेस
003696.wav|छुटका
003697.wav|स्क्रिप्टको
003698.wav|बहादुर
003699.wav|बहादुर
003700.wav|बहादुर
003701.wav|बहादुर
003702.wav|निस्कने
003703.wav|तीन
003704.wav|सहमति
003705.wav|कथामा
003706.wav|गिरिबाट
003707.wav|फुलाराको
003708.wav|कमर्सियल
003709.wav|मैदानी
003710.wav|मैदानी
003711.wav|मैदानी
003712.wav|मिल्काउन
003713.wav|परिवर्तन
003714.wav|परिवर्तन
003715.wav|पशुशास्त्री
003716.wav|सुचक
003717.wav|सुचक
003718.wav|सुचक
003719.wav|सुचक
003720.wav|सुचक
003721.wav|सुचक
003722.wav|सुचक
003723.wav|सुचक
003724.wav|सुचक
003725.wav|नामले
003726.wav|नामले
003727.wav|डिस्क
003728.wav|लसी
003729.wav|राइट
003730.wav|समाचार
003731.wav|समाचार
003732.wav|समाचार
003733.wav|नेचर
003734.wav|पूरा
003735.wav|लुम्ले
003736.wav|लगातार
003737.wav|लगातार
003738.wav|खुब
003739.wav|नदी
003740.wav|नदी
003741.wav|नदी
003742.wav|नदी
003743.wav|नदी
003744.wav|नदी
003745.wav|नदी
003746.wav|नदी
003747.wav|नदी
003748.wav|नदी
003749.wav|नदी
003750.wav|नदी
003751.wav|नदी
003752.wav|नदी
003753.wav|नदी
003754.wav|नदी
003755.wav|नदी
003756.wav|नदी
003757.wav|नदी
003758.wav|नदी
003759.wav|नदी
003760.wav|नदी
003761.wav|नदी
003762.wav|नदी
003763.wav|नदी
003764.wav|नदी
003765.wav|नदी
003766.wav|नदी
003767.wav|नदी
003768.wav|नदी
003769.wav|नदी
003770.wav|नदी
003771.wav|नदी
003772.wav|नदी
003773.wav|नदी
003774.wav|नदी
003775.wav|नदी
003776.wav|नदी
003777.wav|जापानको
003778.wav|साथ
003779.wav|साथ
003780.wav|साथ
003781.wav|साथ
003782.wav|हारे
003783.wav|स्वागतम
003784.wav|ओत
003785.wav|सुनाए
003786.wav|कस्तो
003787.wav|कस्तो
003788.wav|कस्तो
003789.wav|कस्तो
003790.wav|कस्तो
003791.wav|कस्तो
003792.wav|अतिरिक्त
003793.wav|अतिरिक्त
003794.wav|देखिने
003795.wav|देखिने
003796.wav|परिवार
003797.wav|परिवार
003798.wav|परिवार
003799.wav|परिवार
003800.wav|गोल्ड
003801.wav|खेल
003802.wav|खेल
003803.wav|खेल
003804.wav|खेल
003805.wav|खेल
003806.wav|खेल
003807.wav|खेल
003808.wav|खेल
003809.wav|खेल
003810.wav|खेल
003811.wav|खेल
003812.wav|खेल
003813.wav|खेल
003814.wav|खेल
003815.wav|खेल
003816.wav|खेल
003817.wav|खेल
003818.wav|खेल
003819.wav|कस्ता
003820.wav|होम
003821.wav|चेक
003822.wav|रोकायाको
003823.wav|रोकायाको
003824.wav|रेसकार
003825.wav|महोतरी
003826.wav|बास्केटबल
003827.wav|बास्केटबल
003828.wav|बास्केटबल
003829.wav|बास्केटबल
003830.wav|कोही
003831.wav|कोही
003832.wav|चलचित्रका
003833.wav|चलचित्रका
003834.wav|चलचित्रका
003835.wav|राय
003836.wav|राय
003837.wav|छापियो
003838.wav|विवाद
003839.wav|सानी
003840.wav|उपत्यकामा
003841.wav|आयोजित
003842.wav|आयोजित
003843.wav|प्रान्त
003844.wav|प्रान्त
003845.wav|प्रान्त
003846.wav|प्रान्त
003847.wav|देख्यो
003848.wav|पर्ने
003849.wav|पर्ने
003850.wav|पर्ने
003851.wav|पर्ने
003852.wav|पर्ने
003853.wav|पर्ने
003854.wav|पर्ने
003855.wav|पर्ने
003856.wav|पर्ने
003857.wav|पर्ने
003858.wav|इरानले
003859.wav|बाहेक
003860.wav|बनेका
003861.wav|बीस
003862.wav|फोले
003863.wav|यही
003864.wav|यही
003865.wav|लागु
003866.wav|आधिकारिक
003867.wav|आधिकारिक
003868.wav|आधिकारिक
003869.wav|बहरिन
003870.wav|जग
003871.wav|उपयोगिता
003872.wav|लम्बाई
003873.wav|समिट
003874.wav|बटनी
003875.wav|ग्रन्थी
003876.wav|हालेको
003877.wav|मानिसको
003878.wav|हस
003879.wav|बिचको
003880.wav|बिचको
003881.wav|सम्पादन
003882.wav|सम्पादन
003883.wav|बनेको
003884.wav|बनेको
003885.wav|बनेको
003886.wav|बनेको
003887.wav|सिग्मा
003888.wav|नजिकैको
003889.wav|नजिकैको
003890.wav|सुरू
003891.wav|पहलमा
003892.wav|दुबै
003893.wav|संग्रामले
003894.wav|बसेर
003895.wav|पलाउ
003896.wav|फेला
003897.wav|घना
003898.wav|सकेको
003899.wav|पहिरोका
003900.wav|खेतका
003901.wav|नाचको
003902.wav|गुजरात
003903.wav|किलो
003904.wav|स्लेभाकिया
003905.wav|नाइन
003906.wav|स्पेनमा
003907.wav|पेपर
003908.wav|सुरज
003909.wav|सुरज
003910.wav|जर्जियामा
003911.wav|वडा
003912.wav|राना
003913.wav|स्तरमा
003914.wav|कुटिकमा
003915.wav|नेपालमा
003916.wav|नेपालमा
003917.wav|नेपालमा
003918.wav|नेपालमा
003919.wav|नेपालमा
003920.wav|नेपालमा
003921.wav|नेपालमा
003922.wav|नेपालमा
003923.wav|नेपालमा
003924.wav|नेपालमा
003925.wav|नेपालमा
003926.wav|नेपालमा
003927.wav|नेपालमा
003928.wav|नेपालमा
003929.wav|नेपालमा
003930.wav|नेपालमा
003931.wav|नेपालमा
003932.wav|नेपालमा
003933.wav|नेपालमा
003934.wav|नेपालमा
003935.wav|नेपालमा
003936.wav|नेपालमा
003937.wav|नेपालमा
003938.wav|नेपालमा
003939.wav|नेपालमा
003940.wav|नेपालमा
003941.wav|खैराना
003942.wav|सिग्नल
003943.wav|निधनमा
003944.wav|प्रचलनमा
003945.wav|हाइटेक
003946.wav|विनासको
003947.wav|बन्धनमा
003948.wav|किनेमा
003949.wav|पर्दामा
003950.wav|पर्दामा
003951.wav|उहाँ
003952.wav|उहाँ
003953.wav|उहाँ
003954.wav|उहाँ
003955.wav|रूपा
003956.wav|जन्मजात
003957.wav|मलाई
003958.wav|मलाई
003959.wav|मलाई
003960.wav|मलाई
003961.wav|मलाई
003962.wav|मलाई
003963.wav|ओब्लास्ट
003964.wav|जिल्लामा
003965.wav|जिल्लामा
003966.wav|जिल्लामा
003967.wav|जिल्लामा
003968.wav|जिल्लामा
003969.wav|जिल्लामा
003970.wav|जिल्लामा
003971.wav|जिल्लामा
003972.wav|जिल्लामा
003973.wav|जिल्लामा
003974.wav|जिल्लामा
003975.wav|जिल्लामा
003976.wav|जिल्लामा
003977.wav|जिल्लामा
003978.wav|जिल्लामा
003979.wav|जिल्लामा
003980.wav|जिल्लामा
003981.wav|जिल्लामा
003982.wav|जिल्लामा
003983.wav|जिल्लामा
003984.wav|जिल्लामा
003985.wav|जिल्लामा
003986.wav|जिल्लामा
003987.wav|जिल्लामा
003988.wav|जिल्लामा
003989.wav|जिल्लामा
003990.wav|जिल्लामा
003991.wav|जिल्लामा
003992.wav|जिल्लामा
003993.wav|जिल्लामा
003994.wav|जिल्लामा
003995.wav|जिल्लामा
003996.wav|जिल्लामा
003997.wav|जिल्लामा
003998.wav|जिल्लामा
003999.wav|जिल्लामा
004000.wav|जिल्लामा
004001.wav|जिल्लामा
004002.wav|जिल्लामा
004003.wav|जिल्लामा
004004.wav|जिल्लामा
004005.wav|जिल्लामा
004006.wav|जिल्लामा
004007.wav|जिल्लामा
004008.wav|जिल्लामा
004009.wav|जिल्लामा
004010.wav|जिल्लामा
004011.wav|जिल्लामा
004012.wav|जिल्लामा
004013.wav|जिल्लामा
004014.wav|जिल्लामा
004015.wav|जिल्लामा
004016.wav|जिल्लामा
004017.wav|जिल्लामा
004018.wav|जिल्लामा
004019.wav|जिल्लामा
004020.wav|जिल्लामा
004021.wav|जिल्लामा
004022.wav|जिल्लामा
004023.wav|जिल्लामा
004024.wav|जिल्लामा
004025.wav|जिल्लामा
004026.wav|जिल्लामा
004027.wav|जिल्लामा
004028.wav|जिल्लामा
004029.wav|जिल्लामा
004030.wav|जिल्लामा
004031.wav|जिल्लामा
004032.wav|जिल्लामा
004033.wav|जिल्लामा
004034.wav|जिल्लामा
004035.wav|जिल्लामा
004036.wav|जिल्लामा
004037.wav|जिल्लामा
004038.wav|दौड
004039.wav|भवनमा
004040.wav|एसियालाई
004041.wav|रोडमा
004042.wav|रोडमा
004043.wav|रोडमा
004044.wav|हाहाकार
004045.wav|प्राय
004046.wav|उजागर
004047.wav|जल
004048.wav|जल
004049.wav|उद्योगले
004050.wav|खडा
004051.wav|खडा
004052.wav|तापक्रम
004053.wav|भावी
004054.wav|जिब्रो
004055.wav|जिब्रो
004056.wav|फोर्ड
004057.wav|जे
004058.wav|जे
004059.wav|जे
004060.wav|जे
004061.wav|जे
004062.wav|जे
004063.wav|ट्रफी
004064.wav|कलेज
004065.wav|कलेज
004066.wav|कलेज
004067.wav|कलेज
004068.wav|राइफल्समा
004069.wav|पोखरीको
004070.wav|आर्चर
004071.wav|गणतन्त्रको
004072.wav|गणतन्त्रको
004073.wav|दिने
004074.wav|दिने
004075.wav|दिने
004076.wav|दिने
004077.wav|दिने
004078.wav|प्रतियोगिताका
004079.wav|चुलेत्रो
004080.wav|थाल्छ
004081.wav|थाल्छ
004082.wav|भवन
004083.wav|भवन
004084.wav|भवन
004085.wav|भवन
004086.wav|भवन
004087.wav|भवन
004088.wav|रोजमेरी
004089.wav|रमित
004090.wav|मोटर्स
004091.wav|बिजुली
004092.wav|बिजुली
004093.wav|बिजुली
004094.wav|पालीको
004095.wav|चिमेको
004096.wav|वन
004097.wav|भारत
004098.wav|भारत
004099.wav|भारत
004100.wav|भारत
004101.wav|भारत
004102.wav|लोकमार्ग
004103.wav|लोकमार्ग
004104.wav|वातावरण
004105.wav|सातिभाको
004106.wav|उब्जनी
004107.wav|निरुता
004108.wav|निरुता
004109.wav|निरुता
004110.wav|मोम
004111.wav|निर्मल
004112.wav|क्लिनिसियन
004113.wav|राजस्थानका
004114.wav|अनाज
004115.wav|कोत्रे
004116.wav|यन्त्र
004117.wav|ढाका
004118.wav|नैतिक
004119.wav|क्लारामा
004120.wav|एमालेका
004121.wav|बैद्य
004122.wav|फिटको
004123.wav|अमेरिकामै
004124.wav|यसमा
004125.wav|रोमानियाली
004126.wav|एन्जलसमा
004127.wav|बलियो
004128.wav|बलियो
004129.wav|सम्पदा
004130.wav|मलेसियामा
004131.wav|पसिना
004132.wav|अब्बेस
004133.wav|बादल
004134.wav|एन्ड
004135.wav|एन्ड
004136.wav|एन्ड
004137.wav|एन्ड
004138.wav|एन्ड
004139.wav|एन्ड
004140.wav|एन्ड
004141.wav|हान्ने
004142.wav|जुँगे
004143.wav|केन्द्रमा
004144.wav|चिली
004145.wav|दुई
004146.wav|दुई
004147.wav|दुई
004148.wav|दुई
004149.wav|दुई
004150.wav|दुई
004151.wav|दुई
004152.wav|दुई
004153.wav|दुई
004154.wav|दुई
004155.wav|दुई
004156.wav|दुई
004157.wav|दुई
004158.wav|दुई
004159.wav|दुई
004160.wav|दुई
004161.wav|दुई
004162.wav|दुई
004163.wav|दुई
004164.wav|दुई
004165.wav|दुई
004166.wav|दुई
004167.wav|दुई
004168.wav|दुई
004169.wav|दुई
004170.wav|दुई
004171.wav|दुई
004172.wav|दुई
004173.wav|दुई
004174.wav|दुई
004175.wav|दुई
004176.wav|दुई
004177.wav|दुई
004178.wav|निजी
004179.wav|निजी
004180.wav|निजी
004181.wav|टर्की
004182.wav|टर्की
004183.wav|टर्की
004184.wav|सुमिना
004185.wav|सही
004186.wav|सही
004187.wav|रामेछाप
004188.wav|सम्सयाको
004189.wav|सगरमाथा
004190.wav|सगरमाथा
004191.wav|सगरमाथा
004192.wav|छोरालाई
004193.wav|धान
004194.wav|प्रकट
004195.wav|कुशलता
004196.wav|शनिवारको
004197.wav|आठमाना
004198.wav|मुने
004199.wav|सुगम
004200.wav|सुगम
004201.wav|डेनियल
004202.wav|निर्यात
004203.wav|योजनामा
004204.wav|भुपी
004205.wav|हिक्मत
004206.wav|नजिकै
004207.wav|नजिकै
004208.wav|धर्नामा
004209.wav|दर्ता
004210.wav|निर्मूल
004211.wav|अनुले
004212.wav|अन्तिम
004213.wav|अन्तिम
004214.wav|अन्तिम
004215.wav|गराउने
004216.wav|क्रममा
004217.wav|क्रममा
004218.wav|क्रममा
004219.wav|स्कुलमा
004220.wav|खाना
004221.wav|खाना
004222.wav|खाना
004223.wav|खाना
004224.wav|खाना
004225.wav|खाना
004226.wav|खाना
004227.wav|खाना
004228.wav|खाना
004229.wav|खाना
004230.wav|खाना
004231.wav|खाना
004232.wav|खाना
004233.wav|खाना
004234.wav|खाना
004235.wav|खाना
004236.wav|खाना
004237.wav|खाना
004238.wav|निकै
004239.wav|निकै
004240.wav|निकै
004241.wav|निकै
004242.wav|निकै
004243.wav|निकै
004244.wav|निकै
004245.wav|निकै
004246.wav|बोहराको
004247.wav|बोहराको
004248.wav|मनिलामा
004249.wav|पर्यो
004250.wav|एसिया
004251.wav|फिलिप
004252.wav|इरानको
004253.wav|इरानको
004254.wav|लगायत
004255.wav|लगायत
004256.wav|गौचनको
004257.wav|यहाँ
004258.wav|यहाँ
004259.wav|यहाँ
004260.wav|यहाँ
004261.wav|यहाँ
004262.wav|यहाँ
004263.wav|यहाँ
004264.wav|यहाँ
004265.wav|यहाँ
004266.wav|यहाँ
004267.wav|बिर्ता
004268.wav|स्मारक
004269.wav|स्रोत
004270.wav|फुलेका
004271.wav|बनाउन
004272.wav|बनाउन
004273.wav|उफ्रने
004274.wav|आधारित
004275.wav|आधारित
004276.wav|आधारित
004277.wav|आधारित
004278.wav|आधारित
004279.wav|जस्टिन
004280.wav|अनवरत
004281.wav|हरायो
004282.wav|पाल्तु
004283.wav|परिवारमा
004284.wav|फेवाताल
004285.wav|मुहान
004286.wav|बेला
004287.wav|बेला
004288.wav|बेला
004289.wav|बेला
004290.wav|पुष्टि
004291.wav|पुष्टि
004292.wav|बिहार
004293.wav|इक्विटी
004294.wav|क्रान्तिकारी
004295.wav|एथेन्समा
004296.wav|कोलम्बियाली
004297.wav|कोलम्बियाली
004298.wav|कोलम्बियाली
004299.wav|कोलम्बियाली
004300.wav|कोलम्बियाली
004301.wav|कोलम्बियाली
004302.wav|कोलम्बियाली
004303.wav|कोलम्बियाली
004304.wav|कोलम्बियाली
004305.wav|कोलम्बियाली
004306.wav|कोलम्बियाली
004307.wav|कोलम्बियाली
004308.wav|कोलम्बियाली
004309.wav|कोलम्बियाली
004310.wav|कोलम्बियाली
004311.wav|कोलम्बियाली
004312.wav|कोलम्बियाली
004313.wav|तेस्रो
004314.wav|महिना
004315.wav|महिना
004316.wav|नामको
004317.wav|नामको
004318.wav|पाकिस्तानमा
004319.wav|पाकिस्तानमा
004320.wav|नन्दिता
004321.wav|आएका
004322.wav|आएका
004323.wav|बारेमा
004324.wav|बारेमा
004325.wav|बारेमा
004326.wav|बारेमा
004327.wav|बारेमा
004328.wav|बारेमा
004329.wav|बारेमा
004330.wav|बारेमा
004331.wav|बारेमा
004332.wav|जेविका
004333.wav|जमाइकन
004334.wav|जमाइकन
004335.wav|टेलिक
004336.wav|कस्मेटिक
004337.wav|कस्मेटिक
004338.wav|कस्मेटिक
004339.wav|क्रिस
004340.wav|अर्जेन्टिनाको
004341.wav|नामका
004342.wav|क्लब
004343.wav|क्लब
004344.wav|क्लब
004345.wav|बगेडी
004346.wav|आएको
004347.wav|आएको
004348.wav|आएको
004349.wav|गारो
004350.wav|अनुगमनका
004351.wav|उत्खननमा
004352.wav|मति
004353.wav|सेफवे
004354.wav|जेम्स
004355.wav|जेम्स
004356.wav|एकत्र
004357.wav|मान्न
004358.wav|थाले
004359.wav|थाले
004360.wav|थाले
004361.wav|पार्कमा
004362.wav|गोपाल
004363.wav|राजालाई
004364.wav|दन्त
004365.wav|क्यानकुन
004366.wav|नगरपालिकाको
004367.wav|गर्ल्स
004368.wav|विष्णु
004369.wav|विष्णु
004370.wav|गर्दै
004371.wav|गर्दै
004372.wav|गर्दै
004373.wav|गर्दै
004374.wav|गर्दै
004375.wav|गर्दै
004376.wav|फार
004377.wav|वेल्समा
004378.wav|जामाचो
004379.wav|प्रगति
004380.wav|प्रगति
004381.wav|प्रगति
004382.wav|प्रगति
004383.wav|प्रगति
004384.wav|प्रगति
004385.wav|प्रगति
004386.wav|च्याम्पियन
004387.wav|च्याम्पियन
004388.wav|पाइन्छ
004389.wav|पाइन्छ
004390.wav|पाइन्छ
004391.wav|पाइन्छ
004392.wav|पाइन्छ
004393.wav|पाइन्छ
004394.wav|पाइन्छ
004395.wav|पाइन्छ
004396.wav|पिल्ग्रिम्स
004397.wav|उपलब्ध
004398.wav|बुकिन्डोनन
004399.wav|मिलेर
004400.wav|मिलेर
004401.wav|हजारको
004402.wav|गजल
004403.wav|पेट्रा
004404.wav|गर्थे
004405.wav|गर्थे
004406.wav|प्रदर्शन
004407.wav|प्रदर्शन
004408.wav|प्रदर्शन
004409.wav|प्रदर्शन
004410.wav|बोलाउ
004411.wav|समसा
004412.wav|स्वाद
004413.wav|स्वाद
004414.wav|स्वाद
004415.wav|नेपाली
004416.wav|नेपाली
004417.wav|नेपाली
004418.wav|नेपाली
004419.wav|नेपाली
004420.wav|नेपाली
004421.wav|नेपाली
004422.wav|नेपाली
004423.wav|नेपाली
004424.wav|नेपाली
004425.wav|नेपाली
004426.wav|नेपाली
004427.wav|नेपाली
004428.wav|नेपाली
004429.wav|नेपाली
004430.wav|नेपाली
004431.wav|नेपाली
004432.wav|नेपाली
004433.wav|नेपाली
004434.wav|नेपाली
004435.wav|नेपाली
004436.wav|नेपाली
004437.wav|नेपाली
004438.wav|नेपाली
004439.wav|नेपाली
004440.wav|नेपाली
004441.wav|नेपाली
004442.wav|नेपाली
004443.wav|नेपाली
004444.wav|नेपाली
004445.wav|नेपाली
004446.wav|नेपाली
004447.wav|नेपाली
004448.wav|नेपाली
004449.wav|नेपाली
004450.wav|नेपाली
004451.wav|नेपाली
004452.wav|नेपाली
004453.wav|नेपाली
004454.wav|नेपाली
004455.wav|नेपाली
004456.wav|नेपाली
004457.wav|नेपाली
004458.wav|नेपाली
004459.wav|नेपाली
004460.wav|नेपाली
004461.wav|नेपाली
004462.wav|नेपाली
004463.wav|नेपाली
004464.wav|नेपाली
004465.wav|नेपाली
004466.wav|नेपाली
004467.wav|नेपाली
004468.wav|नेपाली
004469.wav|नेपाली
004470.wav|नेपाली
004471.wav|नेपाली
004472.wav|नेपाली
004473.wav|नेपाली
004474.wav|त्यही
004475.wav|मुलुक
004476.wav|फारोई
004477.wav|बर्सामा
004478.wav|ग्रहको
004479.wav|उन्नाइसमा
004480.wav|किन्दा
004481.wav|कर्मचारी
004482.wav|कर्मचारी
004483.wav|सफाईका
004484.wav|सालको
004485.wav|सालको
004486.wav|एउटालाई
004487.wav|बोसले
004488.wav|देखिन्छ
004489.wav|विश्वकर्मा
004490.wav|सतलज
004491.wav|इटालियन
004492.wav|इटालियन
004493.wav|इटालियन
004494.wav|इटालियन
004495.wav|इटालियन
004496.wav|इटालियन
004497.wav|इटालियन
004498.wav|इटालियन
004499.wav|कट्टर
004500.wav|कस्तुरी
004501.wav|क्याम्पस
004502.wav|प्रथमस्तर
004503.wav|दुर्गा
004504.wav|सो
004505.wav|सो
004506.wav|सो
004507.wav|सो
004508.wav|पति
004509.wav|रुसी
004510.wav|स्वान
004511.wav|प्रस्तुत
004512.wav|परिवहन
004513.wav|जुत्तामा
004514.wav|चन्द्रमा
004515.wav|पर्दा
004516.wav|माइक्रो
004517.wav|जीवन
004518.wav|जीवन
004519.wav|हार्मोनियममा
004520.wav|भाग
004521.wav|भाग
004522.wav|भाग
004523.wav|भाग
004524.wav|भाग
004525.wav|भाग
004526.wav|भाग
004527.wav|भाग
004528.wav|भाग
004529.wav|भाग
004530.wav|भाग
004531.wav|भाग
004532.wav|बाल्टिक
004533.wav|बाल्टिक
004534.wav|बाल्टिक
004535.wav|उहाँको
004536.wav|धेरै
004537.wav|धेरै
004538.wav|स्टेज
004539.wav|मूल
004540.wav|मूल
004541.wav|मूल
004542.wav|प्रश्न
004543.wav|घर
004544.wav|घर
004545.wav|घर
004546.wav|घर
004547.wav|घर
004548.wav|घर
004549.wav|घर
004550.wav|घर
004551.wav|घर
004552.wav|घर
004553.wav|उपन्यासकार
004554.wav|उपन्यासकार
004555.wav|निर्वाचक
004556.wav|यसै
004557.wav|कोठामा
004558.wav|रमाइलो
004559.wav|सम्राट
004560.wav|सम्राट
004561.wav|सम्राट
004562.wav|सम्राट
004563.wav|आवाज
004564.wav|आवाज
004565.wav|आवाज
004566.wav|आवाज
004567.wav|आवाज
004568.wav|आवाज
004569.wav|परेकोले
004570.wav|आगो
004571.wav|आगो
004572.wav|आगो
004573.wav|आगो
004574.wav|आगो
004575.wav|नामबाट
004576.wav|नामबाट
004577.wav|छहराको
004578.wav|डालास
004579.wav|पर्पल
004580.wav|प्रकोप
004581.wav|तालबाट
004582.wav|तालबाट
004583.wav|निरोधक
004584.wav|राजाको
004585.wav|प्रतिपादन
004586.wav|पैसा
004587.wav|पैसा
004588.wav|पैसा
004589.wav|मौला
004590.wav|मोनालिसाका
004591.wav|सोचमा
004592.wav|प्रस्थान
004593.wav|साठी
004594.wav|उत्पत्ति
004595.wav|उत्पत्ति
004596.wav|खचाखच
004597.wav|अनि
004598.wav|अनि
004599.wav|अनि
004600.wav|अनि
004601.wav|अनि
004602.wav|अनि
004603.wav|फसल
004604.wav|राज्यमा
004605.wav|राज्यमा
004606.wav|राज्यमा
004607.wav|राज्यमा
004608.wav|बनायो
004609.wav|बनायो
004610.wav|नेपाल
004611.wav|नेपाल
004612.wav|नेपाल
004613.wav|नेपाल
004614.wav|नेपाल
004615.wav|नेपाल
004616.wav|नेपाल
004617.wav|नेपाल
004618.wav|नेपाल
004619.wav|नेपाल
004620.wav|नेपाल
004621.wav|नेपाल
004622.wav|नेपाल
004623.wav|नेपाल
004624.wav|नेपाल
004625.wav|नेपाल
004626.wav|नेपाल
004627.wav|नेपाल
004628.wav|नेपाल
004629.wav|नेपाल
004630.wav|नेपाल
004631.wav|नेपाल
004632.wav|नेपाल
004633.wav|नेपाल
004634.wav|नेपाल
004635.wav|नेपाल
004636.wav|नेपाल
004637.wav|नेपाल
004638.wav|नेपाल
004639.wav|नेपाल
004640.wav|नेपाल
004641.wav|नेपाल
004642.wav|नेपाल
004643.wav|नेपाल
004644.wav|चिनारी
004645.wav|सुकमित
004646.wav|कुन्दे
004647.wav|बिलायो
004648.wav|बिलायो
004649.wav|वार्सेल्स
004650.wav|मात्र
004651.wav|मात्र
004652.wav|मात्र
004653.wav|मात्र
004654.wav|मात्र
004655.wav|मात्र
004656.wav|मात्र
004657.wav|परिमार्जन
004658.wav|परिमार्जन
004659.wav|परिमार्जन
004660.wav|लन्डन
004661.wav|मास्केको
004662.wav|जातिको
004663.wav|टावर
004664.wav|टावर
004665.wav|सपनामा
004666.wav|सिटमा
004667.wav|एसियाली
004668.wav|एसियाली
004669.wav|काल्चे
004670.wav|वार्ता
004671.wav|रावलको
004672.wav|रावलको
004673.wav|फिलाइट
004674.wav|सिस्टम
004675.wav|टेलिकमको
004676.wav|कक्षाको
004677.wav|बताए
004678.wav|प्रहरीको
004679.wav|कलेजी
004680.wav|अभावले
004681.wav|अभावले
004682.wav|पार्न
004683.wav|पार्न
004684.wav|घग्घर
004685.wav|सब
004686.wav|चस्मा
004687.wav|हालका
004688.wav|सुनको
004689.wav|खपत
004690.wav|सत्तरी
004691.wav|आलु
004692.wav|आलु
004693.wav|आलु
004694.wav|गुरुको
004695.wav|हालको
004696.wav|हालको
004697.wav|समाहित
004698.wav|समाहित
004699.wav|समाल
004700.wav|रकम
004701.wav|मेक्सिकन
004702.wav|मेक्सिकन
004703.wav|सामाजिक
004704.wav|सामाजिक
004705.wav|सामाजिक
004706.wav|सामाजिक
004707.wav|बजारको
004708.wav|योजना
004709.wav|बाबु
004710.wav|बाबु
004711.wav|चित्रांक
004712.wav|ललित
004713.wav|नेस्टारी
004714.wav|चरित्र
004715.wav|कित्थे
004716.wav|इलकी
004717.wav|ठुला
004718.wav|ठुला
004719.wav|पर्दछ
004720.wav|लौ
004721.wav|इन्क
004722.wav|चीन
004723.wav|चीन
004724.wav|चीन
004725.wav|चीन
004726.wav|ठुलो
004727.wav|ठुलो
004728.wav|ठुलो
004729.wav|ठुलो
004730.wav|ठुलो
004731.wav|ठुलो
004732.wav|ठुलो
004733.wav|ठुलो
004734.wav|ठुलो
004735.wav|ठुलो
004736.wav|ठुलो
004737.wav|ठुलो
004738.wav|ठुलो
004739.wav|ठुलो
004740.wav|ठुलो
004741.wav|ठुलो
004742.wav|ठुलो
004743.wav|ठुलो
004744.wav|ठुलो
004745.wav|ठुलो
004746.wav|ठुलो
004747.wav|ठुलो
004748.wav|ठुलो
004749.wav|ठुलो
004750.wav|ठुलो
004751.wav|ठुलो
004752.wav|फेडेक्स
004753.wav|पेट्रोल
004754.wav|रुष्ट
004755.wav|पोखरा
004756.wav|पोखरा
004757.wav|पोखरा
004758.wav|पोखरा
004759.wav|पोखरा
004760.wav|पोखरा
004761.wav|किटु
004762.wav|गर्मीको
004763.wav|मोडल
004764.wav|मोडल
004765.wav|मोडल
004766.wav|मोडल
004767.wav|मिठो
004768.wav|मिठो
004769.wav|मिठो
004770.wav|मिठो
004771.wav|मिठो
004772.wav|रेसर
004773.wav|रेसर
004774.wav|रेसर
004775.wav|चलचित्र
004776.wav|चलचित्र
004777.wav|चलचित्र
004778.wav|चलचित्र
004779.wav|पर्वतमा
004780.wav|हिमाली
004781.wav|हिमाली
004782.wav|हिमाली
004783.wav|हिमाली
004784.wav|हिमाली
004785.wav|देवराज
004786.wav|साइप्रसको
004787.wav|खाल्डोमा
004788.wav|खाल्डोमा
004789.wav|कामुक
004790.wav|सोन
004791.wav|आर्यन
004792.wav|आर्यन
004793.wav|आम
004794.wav|एकल
004795.wav|वस्तु
004796.wav|मोटरले
004797.wav|कफी
004798.wav|कफी
004799.wav|कफी
004800.wav|किमी
004801.wav|किमी
004802.wav|किमी
004803.wav|जोहान
004804.wav|बिदुर
004805.wav|जनाएको
004806.wav|जनाएको
004807.wav|जनाएको
004808.wav|पहिचान
004809.wav|पहिचान
004810.wav|पहिचान
004811.wav|लियोन
004812.wav|सिधा
004813.wav|इन्दी
004814.wav|अन्याय
004815.wav|आयो
004816.wav|आयो
004817.wav|आयो
004818.wav|आयो
004819.wav|आयो
004820.wav|आयो
004821.wav|आयो
004822.wav|आयो
004823.wav|फ्रान्सेली
004824.wav|फ्रान्सेली
004825.wav|फ्रान्सेली
004826.wav|फ्रान्सेली
004827.wav|फ्रान्सेली
004828.wav|फ्रान्सेली
004829.wav|फ्रान्सेली
004830.wav|फ्रान्सेली
004831.wav|फ्रान्सेली
004832.wav|फ्रान्सेली
004833.wav|फ्रान्सेली
004834.wav|स्टर्स
004835.wav|हिमालको
004836.wav|फिल्मी
004837.wav|विमानलाई
004838.wav|केन्द्रबाट
004839.wav|इस्लाम
004840.wav|चाहना
004841.wav|अस्ट्रिया
004842.wav|रसुवा
004843.wav|गर्न
004844.wav|गर्न
004845.wav|गर्न
004846.wav|गर्न
004847.wav|गर्न
004848.wav|गर्न
004849.wav|गर्न
004850.wav|गर्न
004851.wav|गर्न
004852.wav|गर्न
004853.wav|गर्न
004854.wav|गर्न
004855.wav|गर्न
004856.wav|गर्न
004857.wav|गर्न
004858.wav|गर्न
004859.wav|गर्न
004860.wav|गर्न
004861.wav|गर्न
004862.wav|सबिता
004863.wav|भौतिक
004864.wav|बिना
004865.wav|दार्शनिक
004866.wav|नामुद
004867.wav|पुस्पा
004868.wav|बन्यो
004869.wav|छोरा
004870.wav|छोरा
004871.wav|छोरा
004872.wav|छोरा
004873.wav|इतिहासमा
004874.wav|इतिहासमा
004875.wav|माध्यमिक
004876.wav|माध्यमिक
004877.wav|माध्यमिक
004878.wav|माध्यमिक
004879.wav|एकपटक
004880.wav|यसका
004881.wav|यसका
004882.wav|बे
004883.wav|माटोका
004884.wav|माटोका
004885.wav|कालोलाई
004886.wav|कालोलाई
004887.wav|पात्र
004888.wav|पात्र
004889.wav|पात्र
004890.wav|यसको
004891.wav|यसको
004892.wav|बल
004893.wav|बल
004894.wav|युरालमा
004895.wav|आठ
004896.wav|आठ
004897.wav|कति
004898.wav|कति
004899.wav|कति
004900.wav|कति
004901.wav|कति
004902.wav|कति
004903.wav|मातान्हास
004904.wav|जन्मिनु
004905.wav|गोवा
004906.wav|न
004907.wav|न
004908.wav|पारखी
004909.wav|एकतिस
004910.wav|स्टुडियो
004911.wav|जापान
004912.wav|नगरको
004913.wav|मनमोहक
004914.wav|प्रयुक्त
004915.wav|प्रयुक्त
004916.wav|प्रयुक्त
004917.wav|प्रयुक्त
004918.wav|प्रयुक्त
004919.wav|प्रयुक्त
004920.wav|प्रयुक्त
004921.wav|प्रयुक्त
004922.wav|प्रयुक्त
004923.wav|प्रयुक्त
004924.wav|प्रयुक्त
004925.wav|प्रयुक्त
004926.wav|किच्चक
004927.wav|अनुमति
004928.wav|अनुमति
004929.wav|लडाकु
004930.wav|देखेको
004931.wav|देखेको
004932.wav|भक्तपुर
004933.wav|भक्तपुर
004934.wav|ल्यायो
004935.wav|नजिकको
004936.wav|प्रजातिमा
004937.wav|अन
004938.wav|अन
004939.wav|आचार्य
004940.wav|होला
004941.wav|होला
004942.wav|होला
004943.wav|होला
004944.wav|होला
004945.wav|होला
004946.wav|होला
004947.wav|कम्पनी
004948.wav|कम्पनी
004949.wav|कम्पनी
004950.wav|कम्पनी
004951.wav|कम्पनी
004952.wav|कम्पनी
004953.wav|कम्पनी
004954.wav|कम्पनी
004955.wav|कम्पनी
004956.wav|कम्पनी
004957.wav|कम्पनी
004958.wav|कम्पनी
004959.wav|कम्पनी
004960.wav|पाँच
004961.wav|पाँच
004962.wav|राजस्थानमा
004963.wav|घाम
004964.wav|घाम
004965.wav|घाम
004966.wav|घाम
004967.wav|चलन
004968.wav|चर्चा
004969.wav|चर्चा
004970.wav|नर्वेजियन
004971.wav|निमिस
004972.wav|आएर
004973.wav|मैत्री
004974.wav|मैत्री
004975.wav|पुराणमा
004976.wav|अनलाइन
004977.wav|बसाई
004978.wav|बसाई
004979.wav|बसाई
004980.wav|त्यो
004981.wav|त्यो
004982.wav|त्यो
004983.wav|कुरूपको
004984.wav|पाइन
004985.wav|लाइनमा
004986.wav|रिमालकी
004987.wav|दोलखा
004988.wav|दोलखा
004989.wav|जलप
004990.wav|एन
004991.wav|एन
004992.wav|ग्लिसाइल
004993.wav|अन्नपूर्ण
004994.wav|खास्टे
004995.wav|टेक
004996.wav|नगरपालिकामा
004997.wav|नवलपरासी
004998.wav|प्रदेश
004999.wav|प्रदेश
005000.wav|बिल
005001.wav|अधिक
005002.wav|अधिक
005003.wav|नाममा
005004.wav|कालिकोट
005005.wav|पोखराबाट
005006.wav|देशकै
005007.wav|पराजित
005008.wav|पराजित
005009.wav|पराजित
005010.wav|पराजित
005011.wav|यदि
005012.wav|भन्या
005013.wav|भन्या
005014.wav|अखिलका
005015.wav|अखिलका
005016.wav|साक्स
005017.wav|रूप
005018.wav|रूप
005019.wav|रूप
005020.wav|रूप
005021.wav|उत्तरबाट
005022.wav|हानेको
005023.wav|फ्लेस
005024.wav|विचित्रका
005025.wav|जमिनको
005026.wav|आइसकेको
005027.wav|परिक्षा
005028.wav|लेखे
005029.wav|गुरु
005030.wav|डोला
005031.wav|डोला
005032.wav|डेनिस
005033.wav|उसले
005034.wav|उसले
005035.wav|उसले
005036.wav|अखिलको
005037.wav|बित्तिकै
005038.wav|नमुना
005039.wav|पुरातात्विक
005040.wav|गहनामा
005041.wav|राष्ट्रवादी
005042.wav|राष्ट्रवादी
005043.wav|डाल्ले
005044.wav|गरेन
005045.wav|सकिने
005046.wav|पाठमा
005047.wav|परिवारको
005048.wav|महादेशको
005049.wav|पटक
005050.wav|पटक
005051.wav|पटक
005052.wav|पटक
005053.wav|पटक
005054.wav|पटक
005055.wav|पटक
005056.wav|विकास
005057.wav|विकास
005058.wav|विकास
005059.wav|विकास
005060.wav|विकास
005061.wav|विकास
005062.wav|विकास
005063.wav|विकास
005064.wav|विकास
005065.wav|विकास
005066.wav|विकास
005067.wav|विकास
005068.wav|विकास
005069.wav|विकास
005070.wav|विकास
005071.wav|विकास
005072.wav|विकास
005073.wav|विकास
005074.wav|विकास
005075.wav|विकास
005076.wav|विकास
005077.wav|विकास
005078.wav|विकास
005079.wav|विकास
005080.wav|विकास
005081.wav|विकास
005082.wav|विकास
005083.wav|विकास
005084.wav|विकास
005085.wav|विकास
005086.wav|छेत्री
005087.wav|शुद्धिकरण
005088.wav|मजा
005089.wav|मजा
005090.wav|पचास
005091.wav|पचास
005092.wav|पचास
005093.wav|पचास
005094.wav|पचास
005095.wav|पचास
005096.wav|धावक
005097.wav|धावक
005098.wav|धावक
005099.wav|धावक
005100.wav|मुस्लिम
005101.wav|अकालमा
005102.wav|प्रदेशमा
005103.wav|दमकल
005104.wav|दमकल
005105.wav|जनताले
005106.wav|रेल
005107.wav|आफ्नो
005108.wav|एनिम
005109.wav|जर्मन
005110.wav|जर्मन
005111.wav|जर्मन
005112.wav|जर्मन
005113.wav|जर्मन
005114.wav|जर्मन
005115.wav|जर्मन
005116.wav|जर्मन
005117.wav|जर्मन
005118.wav|जर्मन
005119.wav|जर्मन
005120.wav|जर्मन
005121.wav|कुराकानी
005122.wav|क्यानाडामा
005123.wav|गोरु
005124.wav|बम
005125.wav|फैलाएको
005126.wav|दीपा
005127.wav|उपयुक्त
005128.wav|कुल
005129.wav|ग्लेसियर
005130.wav|जिल्लाबाट
005131.wav|देखि
005132.wav|देखि
005133.wav|देखि
005134.wav|देखि
005135.wav|देखि
005136.wav|देखि
005137.wav|देखि
005138.wav|देखि
005139.wav|देखि
005140.wav|देखि
005141.wav|देखि
005142.wav|देखि
005143.wav|देखि
005144.wav|देखि
005145.wav|पाइड
005146.wav|हुन्छ
005147.wav|हुन्छ
005148.wav|हुन्छ
005149.wav|हुन्छ
005150.wav|हुन्छ
005151.wav|हुन्छ
005152.wav|हुन्छ
005153.wav|हुन्छ
005154.wav|हुन्छ
005155.wav|हुन्छ
005156.wav|हुन्छ
005157.wav|गेट
005158.wav|टेल्स
005159.wav|आयाम
005160.wav|मोबाइल
005161.wav|मोबाइल
005162.wav|मिलिटरी
005163.wav|जफती
005164.wav|खेती
005165.wav|खेती
005166.wav|हराउने
005167.wav|निर्मित
005168.wav|निर्मित
005169.wav|निर्मित
005170.wav|निर्मित
005171.wav|निर्मित
005172.wav|कुन
005173.wav|कुन
005174.wav|कुन
005175.wav|कुन
005176.wav|कुन
005177.wav|कुन
005178.wav|चार्टर्ड
005179.wav|कामना
005180.wav|मुरी
005181.wav|समर्पित
005182.wav|अचेल
005183.wav|आउन
005184.wav|इनर्जी
005185.wav|अमिलो
005186.wav|अमेजन
005187.wav|राईको
005188.wav|चार्टर
005189.wav|निर्णयात्मक
005190.wav|सुस्मा
005191.wav|राजमार्गले
005192.wav|जस्तो
005193.wav|जस्तो
005194.wav|जस्तो
005195.wav|जस्तो
005196.wav|जस्तो
005197.wav|दुवै
005198.wav|दुवै
005199.wav|नपाकेको
005200.wav|खुम्बु
005201.wav|सिटीमा
005202.wav|आगामी
005203.wav|भेदास
005204.wav|संस्कृतिका
005205.wav|केन्द्रित
005206.wav|महल
005207.wav|आचार्यले
005208.wav|असोजमा
005209.wav|हत्तपत्त
005210.wav|नगरमालर
005211.wav|कता
005212.wav|कता
005213.wav|कता
005214.wav|बाला
005215.wav|सुरुमा
005216.wav|परे
005217.wav|परे
005218.wav|परे
005219.wav|परे
005220.wav|खुलासा
005221.wav|खुलासा
005222.wav|आधार
005223.wav|आधार
005224.wav|जस्ता
005225.wav|जस्ता
005226.wav|जस्ता
005227.wav|दोस्रो
005228.wav|दोस्रो
005229.wav|दोस्रो
005230.wav|दिन
005231.wav|दिन
005232.wav|दिन
005233.wav|दिन
005234.wav|दिन
005235.wav|दिन
005236.wav|दिन
005237.wav|दिन
005238.wav|दिन
005239.wav|दिन
005240.wav|दिन
005241.wav|दिन
005242.wav|दिन
005243.wav|दिन
005244.wav|दिन
005245.wav|दिन
005246.wav|दिन
005247.wav|दिन
005248.wav|दिन
005249.wav|दिन
005250.wav|दिन
005251.wav|दिन
005252.wav|दिन
005253.wav|दिन
005254.wav|दिन
005255.wav|दिन
005256.wav|दिन
005257.wav|दिन
005258.wav|दिन
005259.wav|दिन
005260.wav|दिन
005261.wav|गल्ती
005262.wav|घोषणा
005263.wav|संस्कृतिको
005264.wav|पप
005265.wav|पप
005266.wav|अरब
005267.wav|सुस्मिता
005268.wav|सुस्मिता
005269.wav|आग्रा
005270.wav|मोहन
005271.wav|मोहन
005272.wav|मन्थली
005273.wav|क्याथोलिक
005274.wav|क्याथोलिक
005275.wav|विस्तार
005276.wav|विस्तार
005277.wav|विस्तार
005278.wav|प्रयोजनको
005279.wav|इस्ट
005280.wav|वेबसाइट
005281.wav|सबैलाई
005282.wav|एउटा
005283.wav|एउटा
005284.wav|एउटा
005285.wav|एउटा
005286.wav|एउटा
005287.wav|एउटा
005288.wav|एउटा
005289.wav|एउटा
005290.wav|एउटा
005291.wav|एउटा
005292.wav|एउटा
005293.wav|एउटा
005294.wav|एउटा
005295.wav|एउटा
005296.wav|एउटा
005297.wav|एउटा
005298.wav|एउटा
005299.wav|एउटा
005300.wav|एउटा
005301.wav|एउटा
005302.wav|एउटा
005303.wav|एउटा
005304.wav|एउटा
005305.wav|एउटा
005306.wav|एउटा
005307.wav|एउटा
005308.wav|एउटा
005309.wav|एउटा
005310.wav|एउटा
005311.wav|एउटा
005312.wav|एउटा
005313.wav|एउटा
005314.wav|एउटा
005315.wav|एउटा
005316.wav|एउटा
005317.wav|एउटा
005318.wav|एउटा
005319.wav|एउटा
005320.wav|एउटा
005321.wav|एउटा
005322.wav|एउटा
005323.wav|एउटा
005324.wav|एउटा
005325.wav|एउटा
005326.wav|प्रख्यात
005327.wav|प्रख्यात
005328.wav|प्रख्यात
005329.wav|सालमा
005330.wav|सालमा
005331.wav|सालमा
005332.wav|सालमा
005333.wav|सालमा
005334.wav|गमन
005335.wav|सार्वजनिक
005336.wav|सार्वजनिक
005337.wav|सार्वजनिक
005338.wav|सार्वजनिक
005339.wav|सार्वजनिक
005340.wav|सार्वजनिक
005341.wav|छैन
005342.wav|छैन
005343.wav|छैन
005344.wav|अगस्टमा
005345.wav|चवन्न
005346.wav|चवन्न
005347.wav|मन्त्री
005348.wav|मन्त्री
005349.wav|ल्याउन
005350.wav|राम्ररी
005351.wav|लेक
005352.wav|कलाकार
005353.wav|कलाकार
005354.wav|कलाकार
005355.wav|कलाकार
005356.wav|कलाकार
005357.wav|कलाकार
005358.wav|कलाकार
005359.wav|कलाकार
005360.wav|कलाकार
005361.wav|कलाकार
005362.wav|कलाकार
005363.wav|कलाकार
005364.wav|कलाकार
005365.wav|कलाकार
005366.wav|कलाकार
005367.wav|रहने
005368.wav|जोगिने
005369.wav|आग्रह
005370.wav|प्रजाति
005371.wav|प्रजाति
005372.wav|अफगानिस्तानमा
005373.wav|अभिनित
005374.wav|एल
005375.wav|एल
005376.wav|एमिनो
005377.wav|घाट
005378.wav|मसालेदार
005379.wav|एल्बम
005380.wav|एल्बम
005381.wav|एल्बम
005382.wav|भन्दा
005383.wav|भन्दा
005384.wav|भन्दा
005385.wav|भन्दा
005386.wav|भन्दा
005387.wav|भन्दा
005388.wav|भन्दा
005389.wav|भन्दा
005390.wav|हर्पन
005391.wav|संचालन
005392.wav|उत्तर
005393.wav|उत्तर
005394.wav|उत्तर
005395.wav|उत्तर
005396.wav|उत्तर
005397.wav|उत्तर
005398.wav|उत्तर
005399.wav|उत्तर
005400.wav|उत्तर
005401.wav|उत्तर
005402.wav|उत्तर
005403.wav|कोड
005404.wav|कोड
005405.wav|डिजाइन
005406.wav|डिजाइन
005407.wav|डिजाइन
005408.wav|पटायामा
005409.wav|रमेशकुमार
005410.wav|प्रयोगले
005411.wav|देउडा
005412.wav|देउडा
005413.wav|गुलाबी
005414.wav|सुधार
005415.wav|मेरो
005416.wav|मेरो
005417.wav|मेरो
005418.wav|मेरो
005419.wav|मेरो
005420.wav|मेरो
005421.wav|मेरो
005422.wav|मेरो
005423.wav|मेरो
005424.wav|मेरो
005425.wav|मेरो
005426.wav|मेरो
005427.wav|मेरो
005428.wav|मेरो
005429.wav|मेरो
005430.wav|मेरो
005431.wav|मेरो
005432.wav|मेरो
005433.wav|मेरो
005434.wav|मेरो
005435.wav|मेरो
005436.wav|मेरो
005437.wav|मेरो
005438.wav|मेरो
005439.wav|मेरो
005440.wav|कटारी
005441.wav|यसरी
005442.wav|डिरे
005443.wav|मेरा
005444.wav|स्पेस
005445.wav|राज्य
005446.wav|राज्य
005447.wav|राज्य
005448.wav|राज्य
005449.wav|राज्य
005450.wav|राज्य
005451.wav|लिमिटेड
005452.wav|लिमिटेड
005453.wav|प्रणाली
005454.wav|प्रणाली
005455.wav|प्रणाली
005456.wav|प्रणाली
005457.wav|प्रणाली
005458.wav|चुनाव
005459.wav|चुनाव
005460.wav|बगेको
005461.wav|प्रकाशन
005462.wav|जित्यो
005463.wav|अभिवक्तालाई
005464.wav|देखा
005465.wav|देखा
005466.wav|देखा
005467.wav|भित्र
005468.wav|ओकलाई
005469.wav|दिमित्री
005470.wav|जाम
005471.wav|जाम
005472.wav|जाम
005473.wav|पाइने
005474.wav|पाइने
005475.wav|पाइने
005476.wav|पाइने
005477.wav|पाइने
005478.wav|पाइने
005479.wav|पाइने
005480.wav|पाइने
005481.wav|पाइने
005482.wav|पाइने
005483.wav|पाइने
005484.wav|पाइने
005485.wav|पाइने
005486.wav|पाइने
005487.wav|पाइने
005488.wav|मिलेका
005489.wav|व्यक्त
005490.wav|मानक
005491.wav|मानक
005492.wav|सागर
005493.wav|चम्पादेवी
005494.wav|सुम
005495.wav|कोट
005496.wav|विक्रम
005497.wav|आउँछ
005498.wav|योगदान
005499.wav|योगदान
005500.wav|योगदान
005501.wav|योगदान
005502.wav|योगदान
005503.wav|योगदान
005504.wav|योगदान
005505.wav|गोफ
005506.wav|सिद्ध
005507.wav|सिद्ध
005508.wav|विज्ञान
005509.wav|कथालाई
005510.wav|डिजेल
005511.wav|डिजेल
005512.wav|डिजेल
005513.wav|एकमात्र
005514.wav|बजारमा
005515.wav|बजारमा
005516.wav|बजारमा
005517.wav|बजारमा
005518.wav|बजारमा
005519.wav|बजारमा
005520.wav|बजे
005521.wav|बजे
005522.wav|मिलेको
005523.wav|बडुले
005524.wav|सिनेमा
005525.wav|सिनेमा
005526.wav|सिनेमा
005527.wav|मस्त
005528.wav|ओर्लान्डो
005529.wav|उडेको
005530.wav|अरू
005531.wav|अरू
005532.wav|अरू
005533.wav|कारको
005534.wav|आधारमा
005535.wav|आधारमा
005536.wav|आधारमा
005537.wav|आधारमा
005538.wav|उच्च
005539.wav|उच्च
005540.wav|उच्च
005541.wav|उच्च
005542.wav|उच्च
005543.wav|उच्च
005544.wav|प्रदायक
005545.wav|प्रदायक
005546.wav|एम
005547.wav|प्रिया
005548.wav|दुईवटा
005549.wav|चिनेका
005550.wav|लगभग
005551.wav|सफल
005552.wav|सफल
005553.wav|सफल
005554.wav|सफल
005555.wav|सफल
005556.wav|निर्वाचनमा
005557.wav|प्रभु
005558.wav|कोरियाको
005559.wav|पोकर
005560.wav|हिमालय
005561.wav|राजामा
005562.wav|लगाउने
005563.wav|लगाउने
005564.wav|चार
005565.wav|चार
005566.wav|चार
005567.wav|चार
005568.wav|चार
005569.wav|चार
005570.wav|चार
005571.wav|चार
005572.wav|चार
005573.wav|चार
005574.wav|चार
005575.wav|पश्चिम
005576.wav|राजनेता
005577.wav|राजनेता
005578.wav|राजनेता
005579.wav|अस्ट्रेलियाको
005580.wav|सोल
005581.wav|कियानी
005582.wav|समानुपातिकमा
005583.wav|कोरियन
005584.wav|राज्यको
005585.wav|राज्यको
005586.wav|राज्यको
005587.wav|सम्पन्न
005588.wav|सम्पन्न
005589.wav|सम्पन्न
005590.wav|सम्पन्न
005591.wav|कालो
005592.wav|कालो
005593.wav|कालो
005594.wav|कालो
005595.wav|कालो
005596.wav|बोगोटा
005597.wav|कोरियाका
005598.wav|निधन
005599.wav|दिनको
005600.wav|सेवाले
005601.wav|सेवाले
005602.wav|अभिनेत्री
005603.wav|अभिनेत्री
005604.wav|अभिनेत्री
005605.wav|अभिनेत्री
005606.wav|अभिनेत्री
005607.wav|अभिनेत्री
005608.wav|अभिनेत्री
005609.wav|अभिनेत्री
005610.wav|अभिनेत्री
005611.wav|अभिनेत्री
005612.wav|अभिनेत्री
005613.wav|अभिनेत्री
005614.wav|अभिनेत्री
005615.wav|अभिनेत्री
005616.wav|अभिनेत्री
005617.wav|अभिनेत्री
005618.wav|अभिनेत्री
005619.wav|अभिनेत्री
005620.wav|अभिनेत्री
005621.wav|अभिनेत्री
005622.wav|अभिनेत्री
005623.wav|अभिनेत्री
005624.wav|अभिनेत्री
005625.wav|अभिनेत्री
005626.wav|अभिनेत्री
005627.wav|अभिनेत्री
005628.wav|अभिनेत्री
005629.wav|अभिनेत्री
005630.wav|रूपले
005631.wav|नाच
005632.wav|नाच
005633.wav|खेलेको
005634.wav|खेलेको
005635.wav|विश्वको
005636.wav|सुन्दर
005637.wav|सुन्दर
005638.wav|सुन्दर
005639.wav|सुन्दर
005640.wav|निरन्तरता
005641.wav|हाजिर
005642.wav|हाजिर
005643.wav|दिनका
005644.wav|नै
005645.wav|नै
005646.wav|नै
005647.wav|लाएक
005648.wav|गयो
005649.wav|बियर
005650.wav|अधिकारीलाई
005651.wav|मानसिक
005652.wav|गंगानगर
005653.wav|भर्ना
005654.wav|धरान
005655.wav|वर्ष
005656.wav|वर्ष
005657.wav|पछि
005658.wav|पुस्तकका
005659.wav|भेरी
005660.wav|भेरी
005661.wav|भेरी
005662.wav|चरा
005663.wav|चरा
005664.wav|करिब
005665.wav|करिब
005666.wav|करिब
005667.wav|करिब
005668.wav|करिब
005669.wav|कठोर
005670.wav|साहित्यको
005671.wav|चरणमा
005672.wav|जनाले
005673.wav|वस्तुत
005674.wav|मुगु
005675.wav|तारा
005676.wav|तारा
005677.wav|कथन
005678.wav|काल्पनिक
005679.wav|काल्पनिक
005680.wav|काल्पनिक
005681.wav|काल्पनिक
005682.wav|चित्रकला
005683.wav|नाका
005684.wav|नाटक
005685.wav|नाटक
005686.wav|नाटक
005687.wav|नाटक
005688.wav|नाटक
005689.wav|नाटक
005690.wav|नाटक
005691.wav|नाटक
005692.wav|नेताले
005693.wav|नेताले
005694.wav|नेताले
005695.wav|जवान
005696.wav|उडान
005697.wav|बार
005698.wav|बार
005699.wav|बार
005700.wav|बार
005701.wav|बार
005702.wav|बार
005703.wav|बार
005704.wav|लुम्बिनी
005705.wav|लुम्बिनी
005706.wav|लुम्बिनी
005707.wav|लुम्बिनी
005708.wav|चर्चामा
005709.wav|सोडियम
005710.wav|निर्मला
005711.wav|निर्मला
005712.wav|अन्य
005713.wav|अन्य
005714.wav|अन्य
005715.wav|अन्य
005716.wav|अन्य
005717.wav|धौलागिरी
005718.wav|प्राथमिक
005719.wav|प्रसार
005720.wav|जननेता
005721.wav|निर्देशन
005722.wav|निर्देशन
005723.wav|सेक्स
005724.wav|खाली
005725.wav|खाली
005726.wav|साइगन
005727.wav|नगर
005728.wav|नगर
005729.wav|नगर
005730.wav|नगर
005731.wav|नगर
005732.wav|नगर
005733.wav|नगर
005734.wav|नगर
005735.wav|नगर
005736.wav|नगर
005737.wav|नगर
005738.wav|नगर
005739.wav|नगर
005740.wav|नगर
005741.wav|नगर
005742.wav|नगर
005743.wav|नगर
005744.wav|वाक्य
005745.wav|अन्तर्गत
005746.wav|अन्तर्गत
005747.wav|अन्तर्गत
005748.wav|महिनामा
005749.wav|महिनामा
005750.wav|अन्न
005751.wav|मेसेज
005752.wav|मेसेज
005753.wav|प्रदीप
005754.wav|बेनी
005755.wav|बेनी
005756.wav|बेनी
005757.wav|गोकर्ण
005758.wav|किताब
005759.wav|जोखर
005760.wav|मुसा
005761.wav|मुलक
005762.wav|फरकमा
005763.wav|पारखीका
005764.wav|ट्रस्टमा
005765.wav|भिरालो
005766.wav|भिरालो
005767.wav|प्रस्तावलाई
005768.wav|रोमन
005769.wav|रोमन
005770.wav|रोमन
005771.wav|रोमन
005772.wav|खाले
005773.wav|खाले
005774.wav|खाले
005775.wav|जनावरको
005776.wav|जनावरको
005777.wav|ठप्प
005778.wav|रिसेल
005779.wav|गोर्खा
005780.wav|अजाइल
005781.wav|भर
005782.wav|सिनेकलाकार
005783.wav|माथि
005784.wav|बारे
005785.wav|चिनो
005786.wav|यात्री
005787.wav|सम्झेर
005788.wav|सरकारले
005789.wav|सरकारले
005790.wav|मेडियम
005791.wav|बाहिरियो
005792.wav|चिना
005793.wav|लाग्यो
005794.wav|लाग्यो
005795.wav|लाग्यो
005796.wav|लाग्यो
005797.wav|गनिन्छ
005798.wav|सहरमा
005799.wav|सहरमा
005800.wav|सहरमा
005801.wav|मान
005802.wav|भएको
005803.wav|भएको
005804.wav|भएको
005805.wav|भएको
005806.wav|भएको
005807.wav|भएको
005808.wav|भएको
005809.wav|भएको
005810.wav|भएको
005811.wav|भएको
005812.wav|भएको
005813.wav|भएको
005814.wav|भएको
005815.wav|भएको
005816.wav|भएको
005817.wav|भएको
005818.wav|फ्लोरिडामा
005819.wav|अभाव
005820.wav|अलवण
005821.wav|तिरिरी
005822.wav|चालिस
005823.wav|चालिस
005824.wav|एडवर्ड
005825.wav|चीनमा
005826.wav|चीनमा
005827.wav|गोलकिपर
005828.wav|व्यापारिक
005829.wav|व्यापारिक
005830.wav|मिटर
005831.wav|मिटर
005832.wav|मिटर
005833.wav|मिटर
005834.wav|जानिफकार
005835.wav|घटक
005836.wav|भुवन
005837.wav|भुवन
005838.wav|भुवन
005839.wav|प्रस्तुति
005840.wav|तालमेल
005841.wav|बारी
005842.wav|लिएको
005843.wav|लिएको
005844.wav|जानियो
005845.wav|सुझाव
005846.wav|अमेरिका
005847.wav|अमेरिका
005848.wav|अलग
005849.wav|अलग
005850.wav|अलग
005851.wav|पहरामा
005852.wav|सबै
005853.wav|सबै
005854.wav|सबै
005855.wav|सबै
005856.wav|सबै
005857.wav|सबै
005858.wav|सबै
005859.wav|सबै
005860.wav|सबै
005861.wav|सबै
005862.wav|सबै
005863.wav|प्रिनिया
005864.wav|क्यानडाको
005865.wav|हेरोस
005866.wav|जसमा
005867.wav|खडायतको
005868.wav|डिग्रा
005869.wav|मकाउले
005870.wav|जानकी
005871.wav|जर्मनी
005872.wav|जर्मनी
005873.wav|जर्मनी
005874.wav|जर्मनी
005875.wav|जर्मनी
005876.wav|पाल
005877.wav|पूर्व
005878.wav|पूर्व
005879.wav|राखियो
005880.wav|भो
005881.wav|खस्रो
005882.wav|सत्र
005883.wav|सत्र
005884.wav|खेलाडी
005885.wav|खेलाडी
005886.wav|खेलाडी
005887.wav|खेलाडी
005888.wav|खेलाडी
005889.wav|खेलाडी
005890.wav|खेलाडी
005891.wav|खेलाडी
005892.wav|खेलाडी
005893.wav|खेलाडी
005894.wav|खेलाडी
005895.wav|खेलाडी
005896.wav|खेलाडी
005897.wav|खेलाडी
005898.wav|खेलाडी
005899.wav|सजिलै
005900.wav|प्रचलित
005901.wav|हेल्थ
005902.wav|देउराली
005903.wav|जान्ने
005904.wav|स्टेजमा
005905.wav|निर्देशित
005906.wav|दाबी
005907.wav|आर्थिक
005908.wav|आर्थिक
005909.wav|आर्थिक
005910.wav|आर्थिक
005911.wav|आर्थिक
005912.wav|ग्रन्थ
005913.wav|ग्रन्थ
005914.wav|मतलब
005915.wav|कपडा
005916.wav|गाउन
005917.wav|गाउन
005918.wav|लोवेज
005919.wav|कन्सेप्सियन
005920.wav|सारस
005921.wav|धन्यवाद
005922.wav|चाहिने
005923.wav|चाहिने
005924.wav|चाहिने
005925.wav|हिट
005926.wav|बल्जित
005927.wav|टोली
005928.wav|टोली
005929.wav|टोली
005930.wav|टोली
005931.wav|टोली
005932.wav|डे
005933.wav|डोको
005934.wav|हटाउन
005935.wav|क्याफे
005936.wav|क्याफे
005937.wav|दिपायलमा
005938.wav|निम्ति
005939.wav|विदेश
005940.wav|किपट
005941.wav|हिलो
005942.wav|हिलो
005943.wav|हिलो
005944.wav|दाजुको
005945.wav|किमले
005946.wav|किमले
005947.wav|किमले
005948.wav|किमले
005949.wav|किमले
005950.wav|अंग्रेजी
005951.wav|अंग्रेजी
005952.wav|मुख्य
005953.wav|मुख्य
005954.wav|मुख्य
005955.wav|मुख्य
005956.wav|मुख्य
005957.wav|मुख्य
005958.wav|तालिम
005959.wav|तालिम
005960.wav|ग्रान्ड
005961.wav|परिणाम
005962.wav|स्थानको
005963.wav|सेन्टरपोइन्ट
005964.wav|आसपासको
005965.wav|चलनमा
005966.wav|परियोजना
005967.wav|गिरी
005968.wav|जाडो
005969.wav|ठगी
005970.wav|माया
005971.wav|माया
005972.wav|माया
005973.wav|निकासको
005974.wav|परस्पर
005975.wav|मूलका
005976.wav|पाउन
005977.wav|हामी
005978.wav|हामी
005979.wav|हामी
005980.wav|हामी
005981.wav|हामी
005982.wav|फिलिप्स
005983.wav|रचेका
005984.wav|परियार
005985.wav|सैपाल
005986.wav|कप्तान
005987.wav|कप्तान
005988.wav|किटिनी
005989.wav|पुस्तक
005990.wav|पुस्तक
005991.wav|पुस्तक
005992.wav|पुस्तक
005993.wav|सस्तो
005994.wav|विकासमा
005995.wav|विकासमा
005996.wav|विकासमा
005997.wav|विकासमा
005998.wav|विकासमा
005999.wav|गितार
006000.wav|नगई
006001.wav|गोतामे
006002.wav|नसकिने
006003.wav|रुसमा
006004.wav|दुर्घटना
006005.wav|सिमाना
006006.wav|सिमाना
006007.wav|सिमाना
006008.wav|भने
006009.wav|भने
006010.wav|भने
006011.wav|भने
006012.wav|भने
006013.wav|भने
006014.wav|भने
006015.wav|भने
006016.wav|एकदम
006017.wav|एकदम
006018.wav|एकदम
006019.wav|एकदम
006020.wav|एकदम
006021.wav|एकदम
006022.wav|एकदम
006023.wav|एकदम
006024.wav|स्वारको
006025.wav|लामाले
006026.wav|रेग्मी
006027.wav|कुनामा
006028.wav|पारियो
006029.wav|सियरा
006030.wav|बाडेन
006031.wav|गोदावरी
006032.wav|ताल
006033.wav|ताल
006034.wav|ताल
006035.wav|ताल
006036.wav|ताल
006037.wav|ताल
006038.wav|ताल
006039.wav|ताल
006040.wav|ताल
006041.wav|ताल
006042.wav|ताल
006043.wav|ताल
006044.wav|ताल
006045.wav|ताल
006046.wav|ताल
006047.wav|ताल
006048.wav|ताल
006049.wav|ताल
006050.wav|ताल
006051.wav|ताल
006052.wav|ताल
006053.wav|ताल
006054.wav|ताल
006055.wav|ताल
006056.wav|ताल
006057.wav|ताल
006058.wav|ताल
006059.wav|ताल
006060.wav|ताल
006061.wav|यस्ता
006062.wav|रह्यो
006063.wav|रह्यो
006064.wav|रङको
006065.wav|तामाको
006066.wav|भोजन
006067.wav|भोजन
006068.wav|सन्ते
006069.wav|गायक
006070.wav|गायक
006071.wav|गायक
006072.wav|गायक
006073.wav|गायक
006074.wav|गायक
006075.wav|गायक
006076.wav|गायक
006077.wav|गायक
006078.wav|गायक
006079.wav|गायक
006080.wav|गायक
006081.wav|गायक
006082.wav|गायक
006083.wav|गायक
006084.wav|गायक
006085.wav|बुट्यान
006086.wav|नाक
006087.wav|पारिश्रमिक
006088.wav|काव्य
006089.wav|फुस्रे
006090.wav|नेता
006091.wav|नेता
006092.wav|नेता
006093.wav|नेता
006094.wav|धनी
006095.wav|अनुभव
006096.wav|जैजान
006097.wav|तीसको
006098.wav|भियनाको
006099.wav|प्यारो
006100.wav|प्यारो
006101.wav|ओलम्पिकमा
006102.wav|कार्यक्रम
006103.wav|कार्यक्रम
006104.wav|गरेको
006105.wav|गरेको
006106.wav|गरेको
006107.wav|गरेको
006108.wav|गरेको
006109.wav|गरेको
006110.wav|गरेको
006111.wav|गरेको
006112.wav|गरेको
006113.wav|गरेको
006114.wav|गरेको
006115.wav|गरेको
006116.wav|गरेको
006117.wav|गरेको
006118.wav|गरेको
006119.wav|गरेको
006120.wav|गरेको
006121.wav|गरेको
006122.wav|गरेको
006123.wav|गरेको
006124.wav|गरेको
006125.wav|गरेको
006126.wav|गरेको
006127.wav|गरेको
006128.wav|गरेको
006129.wav|गरेको
006130.wav|गरेको
006131.wav|सेते
006132.wav|आकार
006133.wav|आकार
006134.wav|आकार
006135.wav|क्रेडिट
006136.wav|हल्ला
006137.wav|हल्ला
006138.wav|निर्माता
006139.wav|निर्माता
006140.wav|निर्माता
006141.wav|निर्माता
006142.wav|कलकल
006143.wav|बास
006144.wav|पद्मकन्या
006145.wav|गणेश
006146.wav|राजा
006147.wav|राजा
006148.wav|राजा
006149.wav|राजा
006150.wav|राजा
006151.wav|राजा
006152.wav|राजा
006153.wav|राजा
006154.wav|राजा
006155.wav|राजा
006156.wav|राजा
006157.wav|राजा
006158.wav|तर
006159.wav|तर
006160.wav|तर
006161.wav|तर
006162.wav|तर
006163.wav|तर
006164.wav|तर
006165.wav|तर
006166.wav|तर
006167.wav|तर
006168.wav|तर
006169.wav|तर
006170.wav|तर
006171.wav|तर
006172.wav|तर
006173.wav|तर
006174.wav|तर
006175.wav|उत्तरमा
006176.wav|गरेका
006177.wav|गरेका
006178.wav|गरेका
006179.wav|गरेका
006180.wav|गरेका
006181.wav|गरेका
006182.wav|गरेका
006183.wav|गरेका
006184.wav|गरेका
006185.wav|गरेका
006186.wav|गरेका
006187.wav|गरेका
006188.wav|गरेका
006189.wav|गरेका
006190.wav|चालक
006191.wav|चालक
006192.wav|चालक
006193.wav|पेरुको
006194.wav|पेरुको
006195.wav|दाई
006196.wav|दाई
006197.wav|सेती
006198.wav|पहिराका
006199.wav|सेना
006200.wav|सेना
006201.wav|जुत्ता
006202.wav|शीतल
006203.wav|ठूलो
006204.wav|ठूलो
006205.wav|आयोजना
006206.wav|आयोजना
006207.wav|आयोजना
006208.wav|नागरिक
006209.wav|राजकुमारका
006210.wav|रिजेन्सी
006211.wav|मायमी
006212.wav|पिपुल्स
006213.wav|चासो
006214.wav|धुन
006215.wav|रेग्नान्ट
006216.wav|धर्मका
006217.wav|तयार
006218.wav|तयार
006219.wav|तयार
006220.wav|तयार
006221.wav|सहभागी
006222.wav|विगाहा
006223.wav|अत्ती
006224.wav|जनकपुर
006225.wav|व्यक्ति
006226.wav|व्यक्ति
006227.wav|बाटो
006228.wav|बाटो
006229.wav|बाटो
006230.wav|बाटो
006231.wav|बाटो
006232.wav|प्रस्तोता
006233.wav|प्रस्तोता
006234.wav|घरमै
006235.wav|उपचारमा
006236.wav|बेलामा
006237.wav|बेलामा
006238.wav|बेलामा
006239.wav|वटा
006240.wav|साद्री
006241.wav|किराना
006242.wav|किराना
006243.wav|किराना
006244.wav|किराना
006245.wav|दिएको
006246.wav|समयमा
006247.wav|समयमा
006248.wav|समयमा
006249.wav|समयमा
006250.wav|समयमा
006251.wav|समयमा
006252.wav|भट्ट
006253.wav|भट्ट
006254.wav|सारा
006255.wav|प्रकार
006256.wav|प्रकार
006257.wav|प्रकार
006258.wav|प्रकार
006259.wav|प्रकार
006260.wav|प्रकार
006261.wav|केन्द्र
006262.wav|नगरपालिका
006263.wav|नगरपालिका
006264.wav|नगरपालिका
006265.wav|नगरपालिका
006266.wav|नगरपालिका
006267.wav|नगरपालिका
006268.wav|नगरपालिका
006269.wav|नगरपालिका
006270.wav|नगरपालिका
006271.wav|तामोर
006272.wav|पौडी
006273.wav|आर्मेनियाको
006274.wav|सामान
006275.wav|सामान
006276.wav|सामान
006277.wav|सामान
006278.wav|सामान
006279.wav|मसो
006280.wav|काका
006281.wav|मेमोरियल
006282.wav|युद्धको
006283.wav|रोमी
006284.wav|बाबुले
006285.wav|बाबुले
006286.wav|सामान्य
006287.wav|राजिनामा
006288.wav|एकाउन्न
006289.wav|भरतपुर
006290.wav|रोगले
006291.wav|रोगले
006292.wav|बनारस
006293.wav|किमलाई
006294.wav|माग
006295.wav|माग
006296.wav|माग
006297.wav|समेत
006298.wav|समेत
006299.wav|समेत
006300.wav|पाकिस्तान
006301.wav|पाकिस्तान
006302.wav|पाकिस्तान
006303.wav|आयुर्वेद
006304.wav|आयुर्वेद
006305.wav|आयुर्वेद
006306.wav|लाठी
006307.wav|भए
006308.wav|भए
006309.wav|भए
006310.wav|भए
006311.wav|पक्राउ
006312.wav|पक्राउ
006313.wav|इन्कमा
006314.wav|खुबै
006315.wav|निकायले
006316.wav|जुम्ला
006317.wav|जुम्ला
006318.wav|मुनिया
006319.wav|उपत्यकालाई
006320.wav|मार्फत
006321.wav|कलाले
006322.wav|हिम
006323.wav|स्वर्ण
006324.wav|बनेर
006325.wav|अल्कोहल
006326.wav|किनारामा
006327.wav|अक्टोबर
006328.wav|व्यापार
006329.wav|सेनापति
006330.wav|सेल्स
006331.wav|मा
006332.wav|मा
006333.wav|मा
006334.wav|मा
006335.wav|पोलो
006336.wav|साधन
006337.wav|साधन
006338.wav|साधन
006339.wav|रानी
006340.wav|रानी
006341.wav|रानी
006342.wav|रानी
006343.wav|रानी
006344.wav|महिनाको
006345.wav|महिनाको
006346.wav|आयर्समा
006347.wav|करोड
006348.wav|खुलेको
006349.wav|बोलिने
006350.wav|बोलिने
006351.wav|राजधानी
006352.wav|राजधानी
006353.wav|राजधानी
006354.wav|राजधानी
006355.wav|राजधानी
006356.wav|राजधानी
006357.wav|राजधानी
006358.wav|राजधानी
006359.wav|राजधानी
006360.wav|राजधानी
006361.wav|राजधानी
006362.wav|मसाजिर
006363.wav|मसाजिर
006364.wav|तिला
006365.wav|विगतको
006366.wav|योगी
006367.wav|विश्वचर्चित
006368.wav|बहुराष्ट्रिय
006369.wav|मोरिस
006370.wav|नर्मन
006371.wav|मासु
006372.wav|मासु
006373.wav|अनुमान
006374.wav|अनुमान
006375.wav|अनुमान
006376.wav|अनुमान
006377.wav|अनुमान
006378.wav|रातो
006379.wav|रातो
006380.wav|रातो
006381.wav|रातो
006382.wav|रातो
006383.wav|रातो
006384.wav|डेल्टा
006385.wav|रैथाने
006386.wav|रोचक
006387.wav|रोचक
006388.wav|काजकिस्तान
006389.wav|इन्डोनेसियाली
006390.wav|किल्ला
006391.wav|खुलेका
006392.wav|जेन्समा
006393.wav|बाइनरी
006394.wav|टिमका
006395.wav|केही
006396.wav|केही
006397.wav|केही
006398.wav|केही
006399.wav|केही
006400.wav|केही
006401.wav|केही
006402.wav|केही
006403.wav|केही
006404.wav|केही
006405.wav|केही
006406.wav|केही
006407.wav|केही
006408.wav|केही
006409.wav|केही
006410.wav|साल
006411.wav|साल
006412.wav|साल
006413.wav|कप
006414.wav|कप
006415.wav|सिग्ना
006416.wav|रेखा
006417.wav|गल्छी
006418.wav|कान
006419.wav|कान
006420.wav|बाटामा
006421.wav|कल्पना
006422.wav|अनिकालको
006423.wav|राई
006424.wav|लौका
006425.wav|केका
006426.wav|केका
006427.wav|वर्तमानमा
006428.wav|बनको
006429.wav|फरक
006430.wav|फरक
006431.wav|फरक
006432.wav|सेवन
006433.wav|सेवन
006434.wav|जो
006435.wav|जो
006436.wav|बनाएको
006437.wav|किच्चकको
006438.wav|प्रहरी
006439.wav|प्रहरी
006440.wav|प्रहरी
006441.wav|नासपाती
006442.wav|राखेका
006443.wav|राखेका
006444.wav|स्नातक
006445.wav|निकुन्ज
006446.wav|छाल
006447.wav|पुस्तकमा
006448.wav|सुची
006449.wav|राष्ट्र
006450.wav|राष्ट्र
006451.wav|विरोध
006452.wav|युक्रेनी
006453.wav|महादेवका
006454.wav|राखेको
006455.wav|राखेको
006456.wav|राखेको
006457.wav|राखेको
006458.wav|कण
006459.wav|समाजले
006460.wav|ग्लोबल
006461.wav|साहित्यमा
006462.wav|चित्र
006463.wav|जा
006464.wav|अभिलेखमा
006465.wav|बनाएका
006466.wav|जाममा
006467.wav|जाममा
006468.wav|उत्तरी
006469.wav|उत्तरी
006470.wav|उत्तरी
006471.wav|उत्तरी
006472.wav|उत्तरी
006473.wav|उत्तरी
006474.wav|उत्तरी
006475.wav|उत्तरी
006476.wav|उत्तरी
006477.wav|उत्तरी
006478.wav|उत्तरी
006479.wav|मात्रै
006480.wav|दिनमा
006481.wav|दिनमा
006482.wav|दिनमा
006483.wav|दिनमा
006484.wav|त्रिचालिस
006485.wav|हिन्दु
006486.wav|हिन्दु
006487.wav|हिन्दु
006488.wav|हिन्दु
006489.wav|खर्चिनु
006490.wav|डिपोमा
006491.wav|विश्वमा
006492.wav|विश्वमा
006493.wav|सुन्तला
006494.wav|सुन्तला
006495.wav|पचासी
006496.wav|रे
006497.wav|फिर्ता
006498.wav|उपकरण
006499.wav|बिमला
006500.wav|भाको
006501.wav|भाको
006502.wav|जात्रा
006503.wav|जात्रा
006504.wav|जात्रा
006505.wav|जात्रा
006506.wav|बोल्यो
006507.wav|गण्डकी
006508.wav|जम्मा
006509.wav|जम्मा
006510.wav|टर्चका
006511.wav|बरुवा
006512.wav|इटलीको
006513.wav|है
006514.wav|है
006515.wav|है
006516.wav|है
006517.wav|है
006518.wav|है
006519.wav|है
006520.wav|है
006521.wav|है
006522.wav|है
006523.wav|है
006524.wav|है
006525.wav|है
006526.wav|है
006527.wav|है
006528.wav|है
006529.wav|है
006530.wav|है
006531.wav|है
006532.wav|है
006533.wav|है
006534.wav|है
006535.wav|है
006536.wav|है
006537.wav|है
006538.wav|त्रियोग
006539.wav|दलाई
006540.wav|समुद्रमा
006541.wav|सुदाम
006542.wav|खोल
006543.wav|खोल
006544.wav|टेक्सास
006545.wav|ट्राफिक
006546.wav|ट्राफिक
006547.wav|ट्राफिक
006548.wav|जति
006549.wav|छाला
006550.wav|ट्रेनमा
006551.wav|नाविक
006552.wav|असफल
006553.wav|आपूर्ति
006554.wav|आपूर्ति
006555.wav|इस्टोनिया
006556.wav|इस्टोनिया
006557.wav|लाग्छ
006558.wav|आयामिक
006559.wav|चिकित्सा
006560.wav|लिमिटेडले
006561.wav|लिमिटेडले
006562.wav|लिमिटेडले
006563.wav|लिमिटेडले
006564.wav|लिमिटेडले
006565.wav|कुकी
006566.wav|हाम्रो
006567.wav|हाम्रो
006568.wav|हाम्रो
006569.wav|बेकरी
006570.wav|बेनिनको
006571.wav|पूर्वी
006572.wav|पूर्वी
006573.wav|पूर्वी
006574.wav|पूर्वी
006575.wav|पूर्वी
006576.wav|अचार
006577.wav|अचार
006578.wav|बोरस
006579.wav|संगीतकार
006580.wav|नियुक्त
006581.wav|नियुक्त
006582.wav|नियुक्त
006583.wav|ब्राउजर
006584.wav|पवित्र
006585.wav|पत्रिकाको
006586.wav|पत्रिकाको
006587.wav|पत्रिकाको
006588.wav|अम्बा
006589.wav|वालमार्ट
006590.wav|सेन्ट
006591.wav|सेन्ट
006592.wav|सेन्ट
006593.wav|जब
006594.wav|प्रकारले
006595.wav|कम्पनीमा
006596.wav|चीनको
006597.wav|चीनको
006598.wav|नाता
006599.wav|नामक
006600.wav|नामक
006601.wav|नामक
006602.wav|नामक
006603.wav|नामक
006604.wav|लाम
006605.wav|मानिन्छ
006606.wav|मानिन्छ
006607.wav|मानिन्छ
006608.wav|तटमा
006609.wav|केटा
006610.wav|केटा
006611.wav|केटा
006612.wav|बाहिरी
006613.wav|परालको
006614.wav|महकुमा
006615.wav|महकुमा
006616.wav|चुनावमा
006617.wav|लागि
006618.wav|लागि
006619.wav|लागि
006620.wav|लागि
006621.wav|लागि
006622.wav|लागि
006623.wav|लागि
006624.wav|लागि
006625.wav|लागि
006626.wav|लागि
006627.wav|लागि
006628.wav|लागि
006629.wav|लागि
006630.wav|लागि
006631.wav|लागि
006632.wav|लागि
006633.wav|लागि
006634.wav|लागि
006635.wav|बाधा
006636.wav|नखाई
006637.wav|गौरी
006638.wav|गौरी
006639.wav|गौरी
006640.wav|बजार
006641.wav|बजार
006642.wav|बजार
006643.wav|बजार
006644.wav|बजार
006645.wav|बजार
006646.wav|बजार
006647.wav|बजार
006648.wav|बजार
006649.wav|समर्थन
006650.wav|समर्थन
006651.wav|समर्थन
006652.wav|समर्थन
006653.wav|विश्व
006654.wav|विश्व
006655.wav|विश्व
006656.wav|विश्व
006657.wav|जसको
006658.wav|दया
006659.wav|ब्रिटिस
006660.wav|ब्रिटिस
006661.wav|ब्रिटिस
006662.wav|ब्रिटिस
006663.wav|ब्रिटिस
006664.wav|ब्रिटिस
006665.wav|ब्रिटिस
006666.wav|हुने
006667.wav|हुने
006668.wav|हुने
006669.wav|हुने
006670.wav|हुने
006671.wav|हुने
006672.wav|हुने
006673.wav|हुने
006674.wav|हुने
006675.wav|हुने
006676.wav|हुने
006677.wav|हुने
006678.wav|हुने
006679.wav|हुने
006680.wav|हुने
006681.wav|प्रिन्टर
006682.wav|स्थापना
006683.wav|स्थापना
006684.wav|स्थापना
006685.wav|स्थापना
006686.wav|स्थापना
006687.wav|स्थापना
006688.wav|रेस्टुरेन्टमा
006689.wav|अवसर
006690.wav|जन्म
006691.wav|जन्म
006692.wav|जन्म
006693.wav|जन्म
006694.wav|जन्म
006695.wav|जन्म
006696.wav|जन्म
006697.wav|जन्म
006698.wav|जन्म
006699.wav|जन्म
006700.wav|जन्म
006701.wav|जन्म
006702.wav|जन्म
006703.wav|जन्म
006704.wav|जन्म
006705.wav|जन्म
006706.wav|जन्म
006707.wav|जन्म
006708.wav|जन्म
006709.wav|जन्म
006710.wav|जन्म
006711.wav|जन्म
006712.wav|जन्म
006713.wav|जन्म
006714.wav|जन्म
006715.wav|जन्म
006716.wav|जन्म
006717.wav|जन्म
006718.wav|जन्म
006719.wav|जन्म
006720.wav|जन्म
006721.wav|जन्म
006722.wav|जन्म
006723.wav|जन्म
006724.wav|जन्म
006725.wav|जन्म
006726.wav|जन्म
006727.wav|जन्म
006728.wav|जन्म
006729.wav|जन्म
006730.wav|जन्म
006731.wav|साना
006732.wav|साना
006733.wav|बल्ल
006734.wav|बसेका
006735.wav|छाम
006736.wav|छाम
006737.wav|पुराना
006738.wav|पुराना
006739.wav|पुराना
006740.wav|पुराना
006741.wav|पुराना
006742.wav|पुराना
006743.wav|अलिकति
006744.wav|अरनिको
006745.wav|अरनिको
006746.wav|हिसाबले
006747.wav|हिसाबले
006748.wav|गर्नु
006749.wav|गर्नु
006750.wav|गर्नु
006751.wav|कि
006752.wav|कि
006753.wav|एकासी
006754.wav|सर्जरी
006755.wav|किनारका
006756.wav|सानो
006757.wav|सानो
006758.wav|सानो
006759.wav|सानो
006760.wav|सानो
006761.wav|सानो
006762.wav|सानो
006763.wav|सानो
006764.wav|पुरानो
006765.wav|पुरानो
006766.wav|पुरानो
006767.wav|पुरानो
006768.wav|पुरानो
006769.wav|पुरानो
006770.wav|पुरानो
006771.wav|एसियाकै
006772.wav|सहरको
006773.wav|सहरको
006774.wav|सहरको
006775.wav|सहरको
006776.wav|सहरको
006777.wav|सहरको
006778.wav|प्रतिनिधि
006779.wav|तरकारीमा
006780.wav|ढालिन्छ
006781.wav|कम्पनीज
006782.wav|बर्माको
006783.wav|दार्चुला
006784.wav|दार्चुला
006785.wav|दार्चुला
006786.wav|दार्चुला
006787.wav|दार्चुला
006788.wav|दार्चुला
006789.wav|रात
006790.wav|उनको
006791.wav|उनको
006792.wav|उनको
006793.wav|उनको
006794.wav|उनको
006795.wav|उनको
006796.wav|उनको
006797.wav|उनको
006798.wav|उनको
006799.wav|उनको
006800.wav|मैनाली
006801.wav|मैनाली
006802.wav|परिचालन
006803.wav|परिचालन
006804.wav|सहयोगमा
006805.wav|सनातन
006806.wav|उत्पादन
006807.wav|उत्पादन
006808.wav|उत्पादन
006809.wav|उत्पादन
006810.wav|बारले
006811.wav|इस्वी
006812.wav|कसो
006813.wav|बौलाएर
006814.wav|मेसिज
006815.wav|समस्या
006816.wav|समस्या
006817.wav|ओझेलमा
006818.wav|हुनाले
006819.wav|हुनाले
006820.wav|हुनाले
006821.wav|उनका
006822.wav|उनका
006823.wav|उनका
006824.wav|उनका
006825.wav|उनका
006826.wav|उनका
006827.wav|खोला
006828.wav|खोला
006829.wav|वकिल
006830.wav|पुरातन
006831.wav|पुरातन
006832.wav|पुरातन
006833.wav|पुरातन
006834.wav|उत्तरका
006835.wav|क्रम
006836.wav|बचाउन
006837.wav|थुने
006838.wav|सम्मेलन
006839.wav|सम्मेलन
006840.wav|हाजिरी
006841.wav|सोही
006842.wav|सोही
006843.wav|रोशन
006844.wav|जुमा
006845.wav|पत्रिका
006846.wav|पत्रिका
006847.wav|पत्रिका
006848.wav|पत्रिका
006849.wav|पत्रिका
006850.wav|पत्रिका
006851.wav|रोटी
006852.wav|हेमन्त
006853.wav|रगत
006854.wav|रगत
006855.wav|रगत
006856.wav|आखिरमा
006857.wav|पहाडी
006858.wav|पहाडी
006859.wav|पहाडी
006860.wav|पहाडी
006861.wav|पहाडी
006862.wav|पहाडी
006863.wav|पहाडी
006864.wav|पीर
006865.wav|लिने
006866.wav|लिने
006867.wav|जोड
006868.wav|जोड
006869.wav|भिमान
006870.wav|विकासको
006871.wav|विकासको
006872.wav|खुला
006873.wav|खुला
006874.wav|खुला
006875.wav|खुला
006876.wav|अगुल्टाले
006877.wav|बस्न
006878.wav|खुफिया
006879.wav|स्टिन्ट
006880.wav|रुसको
006881.wav|रुसको
006882.wav|रुसको
006883.wav|ग्रिलको
006884.wav|विवाह
006885.wav|ब्राजिलका
006886.wav|फिल्मका
006887.wav|फिल्मका
006888.wav|रेकर
006889.wav|खेत
006890.wav|गाली
006891.wav|भट्टले
006892.wav|कथानक
006893.wav|कथानक
006894.wav|कुरा
006895.wav|कुरा
006896.wav|कुरा
006897.wav|कुरा
006898.wav|कुरा
006899.wav|कुरा
006900.wav|कुरा
006901.wav|कुरा
006902.wav|कुरा
006903.wav|कुरा
006904.wav|कुरा
006905.wav|कुरा
006906.wav|कुरा
006907.wav|कुरा
006908.wav|कुरा
006909.wav|कुरा
006910.wav|कुरा
006911.wav|कुरा
006912.wav|काम
006913.wav|काम
006914.wav|काम
006915.wav|काम
006916.wav|काम
006917.wav|काम
006918.wav|काम
006919.wav|काम
006920.wav|काम
006921.wav|काम
006922.wav|काम
006923.wav|काम
006924.wav|काम
006925.wav|काम
006926.wav|काम
006927.wav|काम
006928.wav|काम
006929.wav|काम
006930.wav|काम
006931.wav|काम
006932.wav|काम
006933.wav|काम
006934.wav|काम
006935.wav|काम
006936.wav|काम
006937.wav|निर्णय
006938.wav|सब्जी
006939.wav|गुलियो
006940.wav|गुलियो
006941.wav|व्यवस्था
006942.wav|स्थानमा
006943.wav|स्थानमा
006944.wav|धान्ने
006945.wav|अपनाउनु
006946.wav|पालन
006947.wav|सोचीको
006948.wav|गोडाहरू
006949.wav|विलेम
006950.wav|स्विस
006951.wav|स्विस
006952.wav|स्विस
006953.wav|दाहाल
006954.wav|युक्रेन
006955.wav|हाहा
006956.wav|काग
006957.wav|कुरो
006958.wav|अफ्रिकालाई
006959.wav|रोगबाट
006960.wav|भियना
006961.wav|का
006962.wav|उदित
006963.wav|किस्मत
006964.wav|बाइस
006965.wav|बाइस
006966.wav|बाइस
006967.wav|प्रदान
006968.wav|प्रदान
006969.wav|प्रदान
006970.wav|प्रदान
006971.wav|प्रदान
006972.wav|प्रदान
006973.wav|प्रदान
006974.wav|प्रदान
006975.wav|प्रदान
006976.wav|प्रदान
006977.wav|प्रदान
006978.wav|प्रदान
006979.wav|प्रदान
006980.wav|प्रदान
006981.wav|प्रदान
006982.wav|प्रदान
006983.wav|प्रदान
006984.wav|प्रदान
006985.wav|प्रदान
006986.wav|प्रदान
006987.wav|प्रदान
006988.wav|प्रदान
006989.wav|प्रदान
006990.wav|प्रदान
006991.wav|प्रदान
006992.wav|प्रदान
006993.wav|प्रदान
006994.wav|प्रदान
006995.wav|प्रदान
006996.wav|को
006997.wav|को
006998.wav|को
006999.wav|को
007000.wav|को
007001.wav|को
007002.wav|को
007003.wav|को
007004.wav|को
007005.wav|को
007006.wav|को
007007.wav|को
007008.wav|को
007009.wav|को
007010.wav|को
007011.wav|को
007012.wav|को
007013.wav|वा
007014.wav|वा
007015.wav|वा
007016.wav|वा
007017.wav|वा
007018.wav|वा
007019.wav|वा
007020.wav|वा
007021.wav|वा
007022.wav|वा
007023.wav|वा
007024.wav|कुचो
007025.wav|हुनु
007026.wav|प्रसादी
007027.wav|अवरुद्ध
007028.wav|प्राप्त
007029.wav|प्राप्त
007030.wav|प्राप्त
007031.wav|प्राप्त
007032.wav|प्राप्त
007033.wav|प्राप्त
007034.wav|प्राप्त
007035.wav|प्राप्त
007036.wav|प्राप्त
007037.wav|प्राप्त
007038.wav|प्राप्त
007039.wav|प्राप्त
007040.wav|प्राप्त
007041.wav|प्राप्त
007042.wav|प्राप्त
007043.wav|प्राप्त
007044.wav|सैलुनमा
007045.wav|हल
007046.wav|फिजर
007047.wav|गर्ने
007048.wav|गर्ने
007049.wav|गर्ने
007050.wav|गर्ने
007051.wav|गर्ने
007052.wav|गर्ने
007053.wav|गर्ने
007054.wav|गर्ने
007055.wav|गर्ने
007056.wav|गर्ने
007057.wav|गर्ने
007058.wav|गर्ने
007059.wav|गर्ने
007060.wav|गर्ने
007061.wav|गर्ने
007062.wav|गर्ने
007063.wav|गर्ने
007064.wav|गर्ने
007065.wav|गर्ने
007066.wav|गर्ने
007067.wav|गर्ने
007068.wav|गर्ने
007069.wav|गर्ने
007070.wav|गर्ने
007071.wav|गर्ने
007072.wav|गर्ने
007073.wav|गर्ने
007074.wav|बुखरा
007075.wav|भारी
007076.wav|भारी
007077.wav|भारी
007078.wav|हिमाल
007079.wav|हिमाल
007080.wav|हिमाल
007081.wav|हिमाल
007082.wav|हिमाल
007083.wav|सत्चालिसमा
007084.wav|हुँ
007085.wav|हुँ
007086.wav|हुँ
007087.wav|धवलागिरी
007088.wav|सिर्जना
007089.wav|टेबल
007090.wav|आजकल
007091.wav|आजकल
007092.wav|त्यसो
007093.wav|अस्पतालले
007094.wav|अस्पतालले
007095.wav|अस्पतालले
007096.wav|रेस्टुरेन्ट
007097.wav|रेस्टुरेन्ट
007098.wav|रेस्टुरेन्ट
007099.wav|चलेका
007100.wav|चलेका
007101.wav|ठीक
007102.wav|विद्यार्थी
007103.wav|स्वास्थ्यको
007104.wav|जैव
007105.wav|पहिले
007106.wav|पहिले
007107.wav|पहिले
007108.wav|पहिले
007109.wav|पहिले
007110.wav|समयको
007111.wav|फिलिपिन्स
007112.wav|ग्रेडेड
007113.wav|हाउसले
007114.wav|केरल
007115.wav|केरल
007116.wav|केरल
007117.wav|मिसिन्छ
007118.wav|विभागमा
007119.wav|पत्तो
007120.wav|जुन
007121.wav|जुन
007122.wav|जुन
007123.wav|जुन
007124.wav|जुन
007125.wav|जुन
007126.wav|जुन
007127.wav|जुन
007128.wav|उफ्रन
007129.wav|तीस
007130.wav|तीस
007131.wav|तीस
007132.wav|सुटर
007133.wav|प्रयोग
007134.wav|प्रयोग
007135.wav|प्रयोग
007136.wav|प्रयोग
007137.wav|मदन
007138.wav|मदन
007139.wav|गरियो
007140.wav|गरियो
007141.wav|गरियो
007142.wav|गरियो
007143.wav|गरियो
007144.wav|पत्नी
007145.wav|तरकारी
007146.wav|युद्धमा
007147.wav|वक्ताको
007148.wav|कर
007149.wav|सामाग्री
007150.wav|सामाग्री
007151.wav|स्वेता
007152.wav|गणको
007153.wav|काल
007154.wav|सान
007155.wav|सान
007156.wav|सुरु
007157.wav|सुरु
007158.wav|सुरु
007159.wav|सुरु
007160.wav|सुरु
007161.wav|सुरु
007162.wav|थापाको
007163.wav|थापाको
007164.wav|बालबालिकाका
007165.wav|ट्रेड
007166.wav|जोंग
007167.wav|धानका
007168.wav|दुलही
007169.wav|सोरिया
007170.wav|बोरा
007171.wav|बानी
007172.wav|सम्पादक
007173.wav|सम्पादक
007174.wav|सम्पादक
007175.wav|सम्पादक
007176.wav|सुपारी
007177.wav|कला
007178.wav|कला
007179.wav|तन्त्र
007180.wav|रिसी
007181.wav|मास्टर
007182.wav|चित्त
007183.wav|धर्ममा
007184.wav|श्रेणी
007185.wav|श्रेणी
007186.wav|श्रेणी
007187.wav|श्रेणी
007188.wav|स्विच
